"","V1","V2","V3","V4","V5","V6","V7","V8","V9","V10","V11","V12","V13","V14","V15"
"1",-2537286.46351198,17902038543903.5,0.562832161837819,2,9693563.2287402,151161.615555894,-254685.477124338,-0.0073418778506889,20,45887621.2325823,-1035188.03256752,-94836300404.2151,0,1,4379868.91340807
"2",-2536641.05965631,17902031788879.4,0.498805924309898,3,12001769.8744721,150843.054367627,-251430.56159416,-0.00119007539753999,20,45888258.3549588,-1035188.03256752,-94836300404.2151,0,1,4379868.91340807
"3",-2536059.24066254,17902031434520.4,0.441928831792558,3,12000606.2364845,150654.251999835,-249474.911583568,0.00129494270268584,20,45888635.9596944,-1035188.03256752,-94836300404.2151,0,1,4379868.91340807
"4",-2537286.46351198,17902038543903.5,0.562832161837819,2,9693563.2287402,150580.099583494,-251696.322889111,-0.00488420462246735,20,45888784.2645271,-1035188.03256752,-94836300404.2151,0,1,4379868.91340807
"5",-2537286.46351198,17902038543903.5,0.562832161837819,2,9693563.2287402,150954.550058439,-254416.2147027,-0.00755667506297229,20,45888035.3635772,-1035188.03256752,-94836300404.2151,0,1,4379868.91340807
"6",-2536974.67251622,17902032157669.5,0.534778941412533,3,12002437.1001919,151097.714483788,-252882.925081368,0.00805671169718094,20,45887749.0347265,-1035188.03256752,-94836300404.2151,0,1,4379868.91340807
"7",-2537286.46351198,17902038543903.5,0.562832161837819,2,9693563.2287402,150589.901880067,-251640.281847409,0.00289118694523889,20,45888764.659934,-1035188.03256752,-94836300404.2151,0,1,4379868.91340807
"8",-2537286.46351198,17902038543903.5,0.562832161837819,2,9693563.2287402,150835.250068576,-253893.818242076,0.0195617969612287,20,45888273.9635569,-1035188.03256752,-94836300404.2151,0,1,4379868.91340807
"9",-2536779.29441883,17902031877018.7,0.509956563732036,3,12002046.3439971,150793.733314119,-252578.980837806,0.00314487549578728,20,45888356.9970659,-1035188.03256752,-94836300404.2151,0,1,4379868.91340807
"10",-2536421.76681784,17902031624268.8,0.47911396113061,3,12001331.2887951,150956.362642017,-253811.192382031,-0.00284846630099579,20,45888031.7384101,-1035188.03256752,-94836300404.2151,0,1,4379868.91340807
"11",-2536149.02791011,17902031525086.3,0.445780022265606,3,12000785.8109797,151035.218813534,-250474.597077621,0.0100643458175219,20,45887874.026067,-1035188.03256752,-94836300404.2151,0,1,4379868.91340807
"12",-2537286.46351198,17902038543903.5,0.562832161837819,2,9693563.2287402,150862.065449322,-251775.700338522,0.011325986324224,20,45888220.3327954,-1035188.03256752,-94836300404.2151,0,1,4379868.91340807
"13",-2537286.46351198,17902038543903.5,0.562832161837819,2,9693563.2287402,150808.81617548,-251701.117249081,-0.000782625709254555,19,43578829.3778999,-1035188.03256752,-94836300404.2151,0,1,4379868.91340807
"14",-2536363.74688274,17902025984931.5,0.467283426061024,4,14310712.7023681,150964.38506803,-250254.329719131,0.0100991077944396,20,45888015.693558,-1035188.03256752,-94836300404.2151,0,1,4379868.91340807
"15",-2537286.46351198,17902038543903.5,0.562832161837819,2,9693563.2287402,150748.189131359,-249167.680421042,0.00161024302162885,20,45888448.0854314,-1035188.03256752,-94836300404.2151,0,1,4379868.91340807
"16",-2537286.46351198,17902038543903.5,0.562832161837819,2,9693563.2287402,150921.799756955,-249781.864477007,0.012082389192495,20,45888100.8641802,-1035188.03256752,-94836300404.2151,0,1,4379868.91340807
"17",-2537063.98034088,17902032272492.7,0.534778941412533,3,12002615.7158412,150796.664835982,-253178.933800249,0.00587632334645268,20,45888351.1340221,-1035188.03256752,-94836300404.2151,0,1,4379868.91340807
"18",-2536163.00878159,17902031422821,0.441928831792558,3,12000813.7727226,150901.127869933,-253898.366689462,-0.0106453863459986,20,45888142.2079542,-1035188.03256752,-94836300404.2151,0,1,4379868.91340807
"19",-2537286.46351198,17902038543903.5,0.562832161837819,2,9693563.2287402,150959.778240298,-252067.326387827,0.0053908990324631,20,45888024.9072135,-1035188.03256752,-94836300404.2151,0,1,4379868.91340807
"20",-2537286.46351198,17902038543903.5,0.562832161837819,2,9693563.2287402,150433.112614495,-250200.401519269,-0.0101990880632608,19,43579580.7850219,-1035188.03256752,-94836300404.2151,0,1,4379868.91340807
"21",-2537286.46351198,17902038543903.5,0.562832161837819,2,9693563.2287402,151019.004176988,-254189.149388418,0.0112428406439296,20,45887906.4553401,-1035188.03256752,-94836300404.2151,0,1,4379868.91340807
"22",-2537286.46351198,17902038543903.5,0.562832161837819,2,9693563.2287402,150956.737610629,-252390.537507589,0.00303679465147484,20,45888030.9884728,-1035188.03256752,-94836300404.2151,0,1,4379868.91340807
"23",-2537286.46351198,17902038543903.5,0.562832161837819,2,9693563.2287402,150900.699794054,-251411.733240758,-0.000446732971244499,20,45888143.064106,-1035188.03256752,-94836300404.2151,0,1,4379868.91340807
"24",-2537286.46351198,17902038543903.5,0.562832161837819,2,9693563.2287402,150772.507285209,-250595.686064044,0.0137211211445995,20,45888399.4491237,-1035188.03256752,-94836300404.2151,0,1,4379868.91340807
"25",-2537286.46351198,17902038543903.5,0.562832161837819,2,9693563.2287402,150865.643003047,-249066.968812882,0.0160255657118688,20,45888213.177688,-1035188.03256752,-94836300404.2151,0,1,4379868.91340807
"26",-2537286.46351198,17902038543903.5,0.562832161837819,2,9693563.2287402,151019.977970896,-253590.354315271,0.00967739401603997,20,45887904.5077523,-1035188.03256752,-94836300404.2151,0,1,4379868.91340807
"27",-2537286.46351198,17902038543903.5,0.562832161837819,2,9693563.2287402,150914.160290708,-253657.120737856,-0.0090872738962373,20,45888116.1431127,-1035188.03256752,-94836300404.2151,0,1,4379868.91340807
"28",-2536105.54672871,17902031393813,0.439034773377593,3,12000698.8486169,150954.621028282,-252014.630393578,-0.00520257068198404,20,45888035.2216375,-1035188.03256752,-94836300404.2151,0,1,4379868.91340807
"29",-2537286.46351198,17902038543903.5,0.562832161837819,2,9693563.2287402,150905.333393311,-252189.979737991,-0.0090872738962373,19,43578636.3434643,-1035188.03256752,-94836300404.2151,0,1,4379868.91340807
"30",-2537286.46351198,17902038543903.5,0.562832161837819,2,9693563.2287402,150877.20409516,-254042.715280904,-0.00788283876225327,20,45888190.0555038,-1035188.03256752,-94836300404.2151,0,1,4379868.91340807
"31",-2537286.46351198,17902038543903.5,0.562832161837819,2,9693563.2287402,150842.60104931,-250915.233507458,-0.00706215795119125,20,45888259.2615955,-1035188.03256752,-94836300404.2151,0,1,4379868.91340807
"32",-2537286.46351198,17902038543903.5,0.562832161837819,2,9693563.2287402,150755.260253066,-251602.43298477,0.0063002712399653,20,45888433.943188,-1035188.03256752,-94836300404.2151,0,1,4379868.91340807
"33",-2537286.46351198,17902038543903.5,0.562832161837819,2,9693563.2287402,150769.686353245,-253368.824626799,0.0168528347312223,20,45888405.0909876,-1035188.03256752,-94836300404.2151,0,1,4379868.91340807
"34",-2537286.46351198,17902038543903.5,0.562832161837819,2,9693563.2287402,151104.575450851,-254101.891711423,-0.000999425527059246,20,45887735.3127924,-1035188.03256752,-94836300404.2151,0,1,4379868.91340807
"35",-2537286.46351198,17902038543903.5,0.562832161837819,2,9693563.2287402,150883.951737772,-251002.702511584,0.0144492591228579,20,45888176.5602186,-1035188.03256752,-94836300404.2151,0,1,4379868.91340807
"36",-2536185.85447381,17902031451627.3,0.450581910557098,3,12000859.4641071,150949.94419116,-252365.58830707,-8.62819537371903e-05,20,45888044.5753118,-1035188.03256752,-94836300404.2151,0,1,4379868.91340807
"37",-2537191.2732316,17902032920997.1,0.548412006866433,3,12002870.3016227,151031.31643625,-254418.281895178,-0.00251463596715258,20,45887881.8308216,-1035188.03256752,-94836300404.2151,0,1,4379868.91340807
"38",-2537286.46351198,17902038543903.5,0.562832161837819,2,9693563.2287402,150935.261694665,-253874.911398812,-0.00714571453223416,20,45888073.9403048,-1035188.03256752,-94836300404.2151,0,1,4379868.91340807
"39",-2537286.46351198,17902038543903.5,0.562832161837819,2,9693563.2287402,150895.114557979,-253859.39934316,-0.00514918530013401,20,45888154.2345781,-1035188.03256752,-94836300404.2151,0,1,4379868.91340807
"40",-2537063.98034088,17902032272492.7,0.534778941412533,3,12002615.7158412,150908.322412841,-253837.848007945,0.00032146525431037,20,45888127.8188684,-1035188.03256752,-94836300404.2151,0,1,4379868.91340807
"41",-2537147.22406381,17902032885918.7,0.548412006866433,3,12002782.2032871,150705.575604564,-252680.265150009,0.00359276760260866,20,45888533.312485,-1035188.03256752,-94836300404.2151,0,1,4379868.91340807
"42",-2537286.46351198,17902038543903.5,0.562832161837819,2,9693563.2287402,150930.739755557,-251893.336669482,-0.00126285405015335,20,45888082.984183,-1035188.03256752,-94836300404.2151,0,1,4379868.91340807
"43",-2537191.2732316,17902032920997.1,0.548412006866433,3,12002870.3016227,150940.064615285,-249085.068964746,-0.00126285405015335,20,45888064.3344635,-1035188.03256752,-94836300404.2151,0,1,4379868.91340807
"44",-2536113.31802628,17902031516573.8,0.437102696407486,3,12000714.391212,150955.520197255,-253368.45826402,-0.000494361920007535,20,45888033.4232996,-1035188.03256752,-94836300404.2151,0,1,4379868.91340807
"45",-2537286.46351198,17902038543903.5,0.562832161837819,2,9693563.2287402,150965.763135093,-251731.842267646,-0.0118828044674322,20,45888012.9374239,-1035188.03256752,-94836300404.2151,0,1,4379868.91340807
"46",-2537286.46351198,17902038543903.5,0.562832161837819,2,9693563.2287402,150863.664751115,-253026.549319076,0.0101510914773128,20,45888217.1341919,-1035188.03256752,-94836300404.2151,0,1,4379868.91340807
"47",-2537286.46351198,17902038543903.5,0.562832161837819,2,9693563.2287402,150705.352266861,-248466.653779377,-0.00460811496856329,20,45888533.7591604,-1035188.03256752,-94836300404.2151,0,1,4379868.91340807
"48",-2537286.46351198,17902038543903.5,0.562832161837819,2,9693563.2287402,151101.238611826,-253124.948774008,0.0233990826048985,20,45887741.9864704,-1035188.03256752,-94836300404.2151,0,1,4379868.91340807
"49",-2537286.46351198,17902038543903.5,0.562832161837819,2,9693563.2287402,150869.275412174,-250117.050676017,0.00701163382819539,20,45888205.9128697,-1035188.03256752,-94836300404.2151,0,1,4379868.91340807
"50",-2537286.46351198,17902038543903.5,0.562832161837819,2,9693563.2287402,150919.982124712,-251813.790648975,0.00149755764812883,20,45888104.4994447,-1035188.03256752,-94836300404.2151,0,1,4379868.91340807
"51",-2537286.46351198,17902038543903.5,0.562832161837819,2,9693563.2287402,150572.350652467,-253017.401873017,0.00367753044480977,20,45888799.7623892,-1035188.03256752,-94836300404.2151,0,1,4379868.91340807
"52",-2537286.46351198,17902038543903.5,0.562832161837819,2,9693563.2287402,150714.12935298,-249727.244669205,0.0117936501737806,20,45888516.2049881,-1035188.03256752,-94836300404.2151,0,1,4379868.91340807
"53",-2537286.46351198,17902038543903.5,0.562832161837819,2,9693563.2287402,151013.849283211,-253149.853897588,0.00614263159135005,20,45887916.7651277,-1035188.03256752,-94836300404.2151,0,1,4379868.91340807
"54",-2537286.46351198,17902038543903.5,0.562832161837819,2,9693563.2287402,150843.380784901,-252520.053825591,-0.00902918627688983,20,45888257.7021243,-1035188.03256752,-94836300404.2151,0,1,4379868.91340807
"55",-2537286.46351198,17902038543903.5,0.562832161837819,2,9693563.2287402,150783.870435947,-252560.456451094,-0.00545157329120161,20,45888376.7228222,-1035188.03256752,-94836300404.2151,0,1,4379868.91340807
"56",-2537286.46351198,17902038543903.5,0.562832161837819,2,9693563.2287402,150594.002427136,-253501.245513539,-0.00646036112561467,20,45888756.4588398,-1035188.03256752,-94836300404.2151,0,1,4379868.91340807
"57",-2536592.56661423,17902031759902,0.498805924309898,3,12001672.8883879,150785.466465795,-251473.584588554,-0.00427835091863311,19,43578876.0773193,-1035188.03256752,-94836300404.2151,0,1,4379868.91340807
"58",-2537286.46351198,17902038543903.5,0.562832161837819,2,9693563.2287402,150928.739169756,-252380.479017961,-0.00752852605575815,20,45888086.9853546,-1035188.03256752,-94836300404.2151,0,1,4379868.91340807
"59",-2537286.46351198,17902038543903.5,0.562832161837819,2,9693563.2287402,151072.929710415,-254747.153688953,-0.0104128162578352,20,45887798.6042733,-1035188.03256752,-94836300404.2151,0,1,4379868.91340807
"60",-2537286.46351198,17902038543903.5,0.562832161837819,2,9693563.2287402,151031.902899089,-254122.109371685,0.00220030647125849,20,45887880.6578959,-1035188.03256752,-94836300404.2151,0,1,4379868.91340807
"61",-2536813.10225247,17902031976782.3,0.521953836202136,3,12002113.9596644,150856.758533305,-252422.488435192,-0.00159785699179923,20,45888230.9466275,-1035188.03256752,-94836300404.2151,0,1,4379868.91340807
"62",-2537286.46351198,17902038543903.5,0.562832161837819,2,9693563.2287402,150703.517070601,-251912.165263369,-0.00264717595520885,20,45888537.4295529,-1035188.03256752,-94836300404.2151,0,1,4379868.91340807
"63",-2537286.46351198,17902038543903.5,0.562832161837819,2,9693563.2287402,150809.502238744,-253917.070717486,0.00587632334645268,20,45888325.4592166,-1035188.03256752,-94836300404.2151,0,1,4379868.91340807
"64",-2536889.44399333,17902032049057.1,0.521953836202136,3,12002266.6431461,150822.476427103,-252729.167490858,0.0101683770518752,20,45888299.5108399,-1035188.03256752,-94836300404.2151,0,1,4379868.91340807
"65",-2537286.46351198,17902038543903.5,0.562832161837819,2,9693563.2287402,151037.944958347,-253103.823260658,0.0175238693960944,20,45887868.5737774,-1035188.03256752,-94836300404.2151,0,1,4379868.91340807
"66",-2537286.46351198,17902038543903.5,0.562832161837819,2,9693563.2287402,150889.743677365,-253948.71132092,-0.00397357221791164,20,45888164.9763394,-1035188.03256752,-94836300404.2151,0,1,4379868.91340807
"67",-2537286.46351198,17902038543903.5,0.562832161837819,2,9693563.2287402,151009.891925351,-254039.764917552,0.00260786916666013,20,45887924.6798434,-1035188.03256752,-94836300404.2151,0,1,4379868.91340807
"68",-2537286.46351198,17902038543903.5,0.562832161837819,2,9693563.2287402,150387.789524213,-253739.978629376,-0.00472675623442848,20,45889168.8846457,-1035188.03256752,-94836300404.2151,0,1,4379868.91340807
"69",-2537286.46351198,17902038543903.5,0.562832161837819,2,9693563.2287402,150883.481061679,-253914.738390199,-0.00788283876225327,20,45888177.5015707,-1035188.03256752,-94836300404.2151,0,1,4379868.91340807
"70",-2537286.46351198,17902038543903.5,0.562832161837819,2,9693563.2287402,151112.701423967,-253377.561172247,0.0131656606832293,20,45887719.0608462,-1035188.03256752,-94836300404.2151,0,1,4379868.91340807
"71",-2536733.33647933,17902031858703,0.509956563732036,3,12001954.4281181,150944.565110438,-253793.627500813,0.00382856201407467,20,45888055.3334732,-1035188.03256752,-94836300404.2151,0,1,4379868.91340807
"72",-2537286.46351198,17902038543903.5,0.562832161837819,2,9693563.2287402,151030.545571212,-254273.521400048,0.00220030647125849,20,45887883.3725517,-1035188.03256752,-94836300404.2151,0,1,4379868.91340807
"73",-2537286.46351198,17902038543903.5,0.562832161837819,2,9693563.2287402,151004.95580312,-252573.067778969,-0.00248953531291966,20,45887934.5520879,-1035188.03256752,-94836300404.2151,0,1,4379868.91340807
"74",-2536305.95768164,17902031493391.7,0.456326504350996,3,12001099.6705227,150953.917240106,-254386.731799316,-0.0134419360154429,20,45888036.6292139,-1035188.03256752,-94836300404.2151,0,1,4379868.91340807
"75",-2537286.46351198,17902038543903.5,0.562832161837819,2,9693563.2287402,150975.644369847,-254149.226799172,0.00498488833065118,20,45887993.1749544,-1035188.03256752,-94836300404.2151,0,1,4379868.91340807
"76",-2537011.1848932,17902032192615.1,0.534778941412533,3,12002510.1249459,150767.741619435,-251490.952072716,0.00785739415972793,20,45888408.9804552,-1035188.03256752,-94836300404.2151,0,1,4379868.91340807
"77",-2537286.46351198,17902038543903.5,0.562832161837819,2,9693563.2287402,150679.072276673,-252506.88105257,0.00284789139000508,20,45888586.3191407,-1035188.03256752,-94836300404.2151,0,1,4379868.91340807
"78",-2537286.46351198,17902038543903.5,0.562832161837819,2,9693563.2287402,151096.077649485,-253296.584166956,-0.00256492970046971,20,45887752.3083951,-1035188.03256752,-94836300404.2151,0,1,4379868.91340807
"79",-2536105.50049512,17902031452895.6,0.437102696407486,3,12000698.7561497,150705.6995566,-254137.844473144,-0.00850375992690984,20,45888533.0645809,-1035188.03256752,-94836300404.2151,0,1,4379868.91340807
"80",-2537286.46351198,17902038543903.5,0.562832161837819,2,9693563.2287402,150750.396805333,-247787.175140633,-0.00190727814212349,19,43578946.2166402,-1035188.03256752,-94836300404.2151,0,1,4379868.91340807
"81",-2537286.46351198,17902038543903.5,0.562832161837819,2,9693563.2287402,151046.253437366,-253213.117801742,-0.000951041036241744,20,45887851.9568194,-1035188.03256752,-94836300404.2151,0,1,4379868.91340807
"82",-2537286.46351198,17902038543903.5,0.562832161837819,2,9693563.2287402,150961.211829132,-251660.63326592,0.00303679465147484,20,45888022.0400358,-1035188.03256752,-94836300404.2151,0,1,4379868.91340807
"83",-2537286.46351198,17902038543903.5,0.562832161837819,2,9693563.2287402,150839.535877814,-254370.491202836,0.00350759064538102,20,45888265.3919385,-1035188.03256752,-94836300404.2151,0,1,4379868.91340807
"84",-2537286.46351198,17902038543903.5,0.562832161837819,2,9693563.2287402,150976.42127779,-254109.078729569,-0.00796797111119833,20,45887991.6211385,-1035188.03256752,-94836300404.2151,0,1,4379868.91340807
"85",-2537147.22406381,17902032885918.7,0.548412006866433,3,12002782.2032871,150927.307942376,-254099.731735118,-0.000470532878484891,20,45888089.8478093,-1035188.03256752,-94836300404.2151,0,1,4379868.91340807
"86",-2536285.21266569,17902031549683.6,0.456326504350996,3,12001058.1804908,150842.897635304,-253363.812459666,-0.00706215795119125,20,45888258.6684235,-1035188.03256752,-94836300404.2151,0,1,4379868.91340807
"87",-2536464.00561932,17902031617321.4,0.47911396113061,3,12001415.7663981,150838.933829873,-253270.307899346,-0.010585407483382,20,45888266.5960343,-1035188.03256752,-94836300404.2151,0,1,4379868.91340807
"88",-2536996.37898298,17902032210747.1,0.534778941412533,3,12002480.5131254,150980.452117623,-249455.019448658,0.0187267975292557,20,45887983.5594589,-1035188.03256752,-94836300404.2151,0,1,4379868.91340807
"89",-2537286.46351198,17902038543903.5,0.562832161837819,2,9693563.2287402,150858.920571136,-252070.658562272,-0.00277275183871043,20,45888226.6225518,-1035188.03256752,-94836300404.2151,0,1,4379868.91340807
"90",-2537286.46351198,17902038543903.5,0.562832161837819,2,9693563.2287402,150587.983159005,-249817.64601349,-0.00295353059904459,20,45888768.4973761,-1035188.03256752,-94836300404.2151,0,1,4379868.91340807
"91",-2537053.07344086,17902027311733.8,0.534322586729962,4,14312091.3554844,150927.102657827,-253616.512010832,-0.0110575226443948,20,45888090.2583784,-1035188.03256752,-94836300404.2151,0,1,4379868.91340807
"92",-2536608.33863548,17902031715478.4,0.498805924309898,3,12001704.4324304,150691.577228073,-249559.11251084,-0.00771350722555764,20,45888561.3092379,-1035188.03256752,-94836300404.2151,0,1,4379868.91340807
"93",-2537286.46351198,17902038543903.5,0.562832161837819,2,9693563.2287402,150888.879586602,-250388.200415381,-0.00867602454680115,20,45888166.7045209,-1035188.03256752,-94836300404.2151,0,1,4379868.91340807
"94",-2537286.46351198,17902038543903.5,0.562832161837819,2,9693563.2287402,150825.242326149,-253368.534945207,-0.0027475753234859,20,45888293.9790418,-1035188.03256752,-94836300404.2151,0,1,4379868.91340807
"95",-2537286.46351198,17902038543903.5,0.562832161837819,2,9693563.2287402,150672.012782684,-249952.3363563,0.00401825771466469,20,45888600.4381287,-1035188.03256752,-94836300404.2151,0,1,4379868.91340807
"96",-2537286.46351198,17902038543903.5,0.562832161837819,2,9693563.2287402,150679.98984921,-251122.422682355,-0.0123978233544388,20,45888584.4839957,-1035188.03256752,-94836300404.2151,0,1,4379868.91340807
"97",-2537286.46351198,17902038543903.5,0.562832161837819,2,9693563.2287402,150696.482972533,-251626.065061602,0.0227345476121698,20,45888551.497749,-1035188.03256752,-94836300404.2151,0,1,4379868.91340807
"98",-2537286.46351198,17902038543903.5,0.562832161837819,2,9693563.2287402,150922.222483569,-251685.474910743,-0.00752852605575815,20,45888100.018727,-1035188.03256752,-94836300404.2151,0,1,4379868.91340807
"99",-2536961.09148405,17902032264342.1,0.534778941412533,3,12002409.9381276,150919.40031961,-253858.95187495,0.00776379249500058,20,45888105.6630549,-1035188.03256752,-94836300404.2151,0,1,4379868.91340807
"100",-2536643.04720682,17902031726377.1,0.498805924309898,3,12001773.8495731,150999.935547319,-254122.593557261,-0.0107356301979848,20,45887944.5925995,-1035188.03256752,-94836300404.2151,0,1,4379868.91340807
"101",-2536208.09421275,17902025286962.8,0.456326504350996,4,14310401.3970282,151033.772785591,-253461.010607007,-0.00251463596715258,20,45887876.9181229,-1035188.03256752,-94836300404.2151,0,1,4379868.91340807
"102",-2537147.22406381,17902032885918.7,0.548412006866433,3,12002782.2032871,150833.881873808,-253984.797061062,-0.0117598239941123,20,45888276.6999465,-1035188.03256752,-94836300404.2151,0,1,4379868.91340807
"103",-2537286.46351198,17902038543903.5,0.562832161837819,2,9693563.2287402,151172.860540284,-253557.834704581,0.000133945807102275,20,45887598.7426135,-1035188.03256752,-94836300404.2151,0,1,4379868.91340807
"104",-2536096.83698717,17902031481973.1,0.436135845149042,3,12000681.4291338,150651.50703809,-250591.78240435,0.00169989785017506,20,45888641.4496179,-1035188.03256752,-94836300404.2151,0,1,4379868.91340807
"105",-2536975.23188431,17902032228395.8,0.534778941412533,3,12002438.2189281,150844.325619554,-252121.455561825,0.00937967319903228,20,45888255.812455,-1035188.03256752,-94836300404.2151,0,1,4379868.91340807
"106",-2536789.466076,17902032011100.7,0.521953836202136,3,12002066.6873115,150711.123963058,-250610.778067187,-0.00188268012405378,19,43579024.7623248,-1035188.03256752,-94836300404.2151,0,1,4379868.91340807
"107",-2536974.67251622,17902032157669.5,0.534778941412533,3,12002437.1001919,150731.428171453,-254068.348086511,-0.00970441386746677,20,45888481.6073512,-1035188.03256752,-94836300404.2151,0,1,4379868.91340807
"108",-2537286.46351198,17902038543903.5,0.562832161837819,2,9693563.2287402,150440.361551069,-252579.749154476,-0.00437325710557182,20,45889063.740592,-1035188.03256752,-94836300404.2151,0,1,4379868.91340807
"109",-2537286.46351198,17902038543903.5,0.562832161837819,2,9693563.2287402,151067.427598759,-253816.393610836,0.0045369838885962,20,45887809.6084966,-1035188.03256752,-94836300404.2151,0,1,4379868.91340807
"110",-2536755.73329871,17902031840963.7,0.521953836202136,3,12001999.2217569,150816.347047181,-250420.653267116,0.00508706711015456,19,43578814.3161565,-1035188.03256752,-94836300404.2151,0,1,4379868.91340807
"111",-2536136.04497337,17902031444137.9,0.436135845149042,3,12000759.8451062,150752.599280621,-251787.902226224,-0.00542479930587582,20,45888439.2651329,-1035188.03256752,-94836300404.2151,0,1,4379868.91340807
"112",-2537191.2732316,17902032920997.1,0.548412006866433,3,12002870.3016227,150878.009648335,-253094.937319048,0.00739701768545436,20,45888188.4443974,-1035188.03256752,-94836300404.2151,0,1,4379868.91340807
"113",-2537286.46351198,17902038543903.5,0.562832161837819,2,9693563.2287402,150869.279030704,-252188.123526824,-0.018841317717106,20,45888205.9056327,-1035188.03256752,-94836300404.2151,0,1,4379868.91340807
"114",-2536996.37898298,17902032210747.1,0.534778941412533,3,12002480.5131254,150706.564817623,-253375.660843483,0.00827898621470691,20,45888531.3340589,-1035188.03256752,-94836300404.2151,0,1,4379868.91340807
"115",-2536802.29893261,17902031852922.8,0.509956563732036,3,12002092.3530247,150646.179159851,-252114.154033044,-0.000257376166966938,20,45888652.1053744,-1035188.03256752,-94836300404.2151,0,1,4379868.91340807
"116",-2537286.46351198,17902038543903.5,0.562832161837819,2,9693563.2287402,150632.366620812,-253828.664319554,-0.0201455345235031,20,45888679.7304525,-1035188.03256752,-94836300404.2151,0,1,4379868.91340807
"117",-2537286.46351198,17902038543903.5,0.562832161837819,2,9693563.2287402,150603.332387897,-251239.134620589,0.0102887875599205,20,45888737.7989183,-1035188.03256752,-94836300404.2151,0,1,4379868.91340807
"118",-2537286.46351198,17902038543903.5,0.562832161837819,2,9693563.2287402,150625.712708046,-247102.024398468,0.0247058915248423,20,45888693.038278,-1035188.03256752,-94836300404.2151,0,1,4379868.91340807
"119",-2536449.57163745,17902031607683.5,0.47911396113061,3,12001386.8984344,150764.058154332,-251992.721083455,0.00316641257183066,20,45888416.3473854,-1035188.03256752,-94836300404.2151,0,1,4379868.91340807
"120",-2537286.46351198,17902038543903.5,0.562832161837819,2,9693563.2287402,150805.646444406,-253561.283659995,0.00822372281907027,20,45888333.1708053,-1035188.03256752,-94836300404.2151,0,1,4379868.91340807
"121",-2537286.46351198,17902038543903.5,0.562832161837819,2,9693563.2287402,151024.234849845,-252767.99303767,0.00417187168548331,20,45887895.9939944,-1035188.03256752,-94836300404.2151,0,1,4379868.91340807
"122",-2537286.46351198,17902038543903.5,0.562832161837819,2,9693563.2287402,150651.320032269,-252932.251616431,-0.0104063467794151,20,45888641.8236296,-1035188.03256752,-94836300404.2151,0,1,4379868.91340807
"123",-2537286.46351198,17902038543903.5,0.562832161837819,2,9693563.2287402,150705.430648604,-251520.977491898,0.0164798687858789,19,43579036.1489537,-1035188.03256752,-94836300404.2151,0,1,4379868.91340807
"124",-2537286.46351198,17902038543903.5,0.562832161837819,2,9693563.2287402,150424.819134533,-247632.472356623,-0.000116563702063171,18,41270099.9185386,-1035188.03256752,-94836300404.2151,0,1,4379868.91340807
"125",-2537286.46351198,17902038543903.5,0.562832161837819,2,9693563.2287402,150887.765011939,-252271.90545823,0.0120985119770567,20,45888168.9336702,-1035188.03256752,-94836300404.2151,0,1,4379868.91340807
"126",-2537191.2732316,17902032920997.1,0.548412006866433,3,12002870.3016227,150854.782584112,-252932.256258109,-0.0109970157670888,20,45888234.8985259,-1035188.03256752,-94836300404.2151,0,1,4379868.91340807
"127",-2537286.46351198,17902038543903.5,0.562832161837819,2,9693563.2287402,151166.911297741,-251552.71743554,0.0269254704867539,20,45887610.6410986,-1035188.03256752,-94836300404.2151,0,1,4379868.91340807
"128",-2537286.46351198,17902038543903.5,0.562832161837819,2,9693563.2287402,150806.425723012,-253120.43306746,-0.0105554729618704,20,45888331.6122481,-1035188.03256752,-94836300404.2151,0,1,4379868.91340807
"129",-2537286.46351198,17902038543903.5,0.562832161837819,2,9693563.2287402,150636.299009519,-252443.209612637,0.00325229883712768,20,45888671.8656751,-1035188.03256752,-94836300404.2151,0,1,4379868.91340807
"130",-2537286.46351198,17902038543903.5,0.562832161837819,2,9693563.2287402,150738.495670072,-252011.459939471,-0.00267222990553433,20,45888467.472354,-1035188.03256752,-94836300404.2151,0,1,4379868.91340807
"131",-2536813.10225247,17902031976782.3,0.521953836202136,3,12002113.9596644,150951.438346367,-252072.992203859,0.0120662466755058,20,45888041.5870014,-1035188.03256752,-94836300404.2151,0,1,4379868.91340807
"132",-2537286.46351198,17902038543903.5,0.562832161837819,2,9693563.2287402,150858.506913008,-253995.279389499,-0.00277275183871043,20,45888227.4498681,-1035188.03256752,-94836300404.2151,0,1,4379868.91340807
"133",-2537286.46351198,17902038543903.5,0.562832161837819,2,9693563.2287402,150748.946540095,-251700.926717674,-0.00659730636045993,20,45888446.5706139,-1035188.03256752,-94836300404.2151,0,1,4379868.91340807
"134",-2537147.22406381,17902032885918.7,0.548412006866433,3,12002782.2032871,150725.259844705,-252282.242342252,-0.0120484751881109,20,45888493.9440047,-1035188.03256752,-94836300404.2151,0,1,4379868.91340807
"135",-2537286.46351198,17902038543903.5,0.562832161837819,2,9693563.2287402,150588.929937662,-251356.586173871,-0.0123050786698982,20,45888766.6038188,-1035188.03256752,-94836300404.2151,0,1,4379868.91340807
"136",-2537286.46351198,17902038543903.5,0.562832161837819,2,9693563.2287402,150746.368256303,-253805.810505067,-0.0151847886399337,20,45888451.7271815,-1035188.03256752,-94836300404.2151,0,1,4379868.91340807
"137",-2537286.46351198,17902038543903.5,0.562832161837819,2,9693563.2287402,150888.88482665,-254103.73710163,-0.00279795913568926,20,45888166.6940408,-1035188.03256752,-94836300404.2151,0,1,4379868.91340807
"138",-2537286.46351198,17902038543903.5,0.562832161837819,2,9693563.2287402,150637.588033515,-248021.77640531,0.00442219050515922,20,45888669.2876271,-1035188.03256752,-94836300404.2151,0,1,4379868.91340807
"139",-2537286.46351198,17902038543903.5,0.562832161837819,2,9693563.2287402,150430.50123533,-252586.138185497,-0.0133166551421401,20,45889083.4612234,-1035188.03256752,-94836300404.2151,0,1,4379868.91340807
"140",-2537286.46351198,17902038543903.5,0.562832161837819,2,9693563.2287402,150717.645453035,-251874.497556307,-0.00226500566251416,20,45888509.172788,-1035188.03256752,-94836300404.2151,0,1,4379868.91340807
"141",-2537286.46351198,17902038543903.5,0.562832161837819,2,9693563.2287402,151001.086035435,-251366.666359868,0.00340053246212687,20,45887942.2916232,-1035188.03256752,-94836300404.2151,0,1,4379868.91340807
"142",-2537078.52860568,17902032665150.5,0.548412006866433,3,12002644.8123708,150788.612161392,-253462.875776053,0.00549179750756883,20,45888367.2393713,-1035188.03256752,-94836300404.2151,0,1,4379868.91340807
"143",-2537286.46351198,17902038543903.5,0.562832161837819,2,9693563.2287402,150801.362694655,-252866.557492784,0.014879485554695,20,45888341.7383048,-1035188.03256752,-94836300404.2151,0,1,4379868.91340807
"144",-2536493.89019208,17902031633514.3,0.47911396113061,3,12001475.5355436,150802.458430354,-253588.977836685,0.00118152440121751,20,45888339.5468334,-1035188.03256752,-94836300404.2151,0,1,4379868.91340807
"145",-2537286.46351198,17902038543903.5,0.562832161837819,2,9693563.2287402,150858.380421932,-251233.438004245,0.00780130178349038,20,45888227.7028502,-1035188.03256752,-94836300404.2151,0,1,4379868.91340807
"146",-2537286.46351198,17902038543903.5,0.562832161837819,2,9693563.2287402,150995.089453359,-252139.730593193,-0.0130916573080034,20,45887954.2847874,-1035188.03256752,-94836300404.2151,0,1,4379868.91340807
"147",-2537286.46351198,17902038543903.5,0.562832161837819,2,9693563.2287402,150940.403238347,-252363.084161716,0.00697315062475978,20,45888063.6572174,-1035188.03256752,-94836300404.2151,0,1,4379868.91340807
"148",-2536996.37898298,17902032210747.1,0.534778941412533,3,12002480.5131254,150797.816386587,-249859.369351782,0.00314487549578728,20,45888348.8309209,-1035188.03256752,-94836300404.2151,0,1,4379868.91340807
"149",-2536726.86037824,17902031763811,0.498805924309898,3,12001941.4759159,151079.324063467,-249984.916625196,0.00256388074022225,20,45887785.8155672,-1035188.03256752,-94836300404.2151,0,1,4379868.91340807
"150",-2536813.10225247,17902031976782.3,0.521953836202136,3,12002113.9596644,150703.260844463,-251500.029012007,0.00593587690865778,20,45888537.9420052,-1035188.03256752,-94836300404.2151,0,1,4379868.91340807
"151",-2536150.83609106,17902031475949.8,0.445780022265606,3,12000789.4273416,150874.822428235,-252049.482153343,-0.0137597066267562,20,45888194.8188376,-1035188.03256752,-94836300404.2151,0,1,4379868.91340807
"152",-2537286.46351198,17902038543903.5,0.562832161837819,2,9693563.2287402,150377.121878013,-252694.167925578,-0.00821943325494214,20,45889190.2199381,-1035188.03256752,-94836300404.2151,0,1,4379868.91340807
"153",-2537286.46351198,17902038543903.5,0.562832161837819,2,9693563.2287402,151109.338903854,-254488.738619356,-0.0104428163339183,20,45887725.7858864,-1035188.03256752,-94836300404.2151,0,1,4379868.91340807
"154",-2537286.46351198,17902038543903.5,0.562832161837819,2,9693563.2287402,150458.687307916,-251473.711938169,-0.0117729339083809,20,45889027.0890783,-1035188.03256752,-94836300404.2151,0,1,4379868.91340807
"155",-2537286.46351198,17902038543903.5,0.562832161837819,2,9693563.2287402,151019.322902346,-254207.311485859,0.0124213354703373,20,45887905.8178894,-1035188.03256752,-94836300404.2151,0,1,4379868.91340807
"156",-2537286.46351198,17902038543903.5,0.562832161837819,2,9693563.2287402,150834.16864123,-253410.307781359,-0.00119007539753999,20,45888276.1264116,-1035188.03256752,-94836300404.2151,0,1,4379868.91340807
"157",-2536752.75557296,17902031851989.7,0.509956563732036,3,12001993.2663054,150600.803595728,-249551.013849125,-0.0115460477590065,19,43579245.4030594,-1035188.03256752,-94836300404.2151,0,1,4379868.91340807
"158",-2537286.46351198,17902038543903.5,0.562832161837819,2,9693563.2287402,151008.896710148,-254169.937492528,-0.00681816396584633,20,45887926.6702738,-1035188.03256752,-94836300404.2151,0,1,4379868.91340807
"159",-2537286.46351198,17902038543903.5,0.562832161837819,2,9693563.2287402,150676.134134821,-251264.383150682,-0.00692357528119706,20,45888592.1954245,-1035188.03256752,-94836300404.2151,0,1,4379868.91340807
"160",-2537286.46351198,17902038543903.5,0.562832161837819,2,9693563.2287402,150848.76096748,-254317.225156995,-0.00198125249614322,20,45888246.9417591,-1035188.03256752,-94836300404.2151,0,1,4379868.91340807
"161",-2537286.46351198,17902038543903.5,0.562832161837819,2,9693563.2287402,150924.594388223,-251316.475989276,-0.0169391836254558,20,45888095.2749176,-1035188.03256752,-94836300404.2151,0,1,4379868.91340807
"162",-2536342.01780604,17902031551301.9,0.470604253319736,3,12001171.7907715,151069.997556688,-253664.8257064,0.00571644243849123,20,45887804.4685807,-1035188.03256752,-94836300404.2151,0,1,4379868.91340807
"163",-2537286.46351198,17902038543903.5,0.562832161837819,2,9693563.2287402,151028.304320637,-254385.99556093,-0.00407759209937068,20,45887887.8550528,-1035188.03256752,-94836300404.2151,0,1,4379868.91340807
"164",-2536745.838208,17902031856486.4,0.509956563732036,3,12001979.4315755,150860.944667967,-254186.749352112,0.0125008811711352,20,45888222.5743582,-1035188.03256752,-94836300404.2151,0,1,4379868.91340807
"165",-2536268.78623699,17902031496747.2,0.463004286333499,3,12001025.3276334,150961.370738758,-251868.50069638,-0.0048190501605042,19,43578524.2687734,-1035188.03256752,-94836300404.2151,0,1,4379868.91340807
"166",-2536733.33647933,17902031858703,0.509956563732036,3,12001954.4281181,150959.695529803,-251583.002009118,-0.00873372725346642,20,45888025.0726345,-1035188.03256752,-94836300404.2151,0,1,4379868.91340807
"167",-2537286.46351198,17902038543903.5,0.562832161837819,2,9693563.2287402,150803.523864916,-249070.714724847,-0.000758683800927621,20,45888337.4159643,-1035188.03256752,-94836300404.2151,0,1,4379868.91340807
"168",-2537286.46351198,17902038543903.5,0.562832161837819,2,9693563.2287402,150902.311571659,-251029.709928881,-6.27121434226651e-05,20,45888139.8405508,-1035188.03256752,-94836300404.2151,0,1,4379868.91340807
"169",-2536621.837122,17902031713499.1,0.48851957488169,3,12001731.4294035,150593.769348697,-253318.299498044,-0.00216600310096847,20,45888756.9249967,-1035188.03256752,-94836300404.2151,0,1,4379868.91340807
"170",-2537286.46351198,17902038543903.5,0.562832161837819,2,9693563.2287402,150645.103925708,-252998.530259343,-0.00338557309015453,20,45888654.2558427,-1035188.03256752,-94836300404.2151,0,1,4379868.91340807
"171",-2537286.46351198,17902038543903.5,0.562832161837819,2,9693563.2287402,150837.275098552,-247630.736567595,0.00703084017757177,19,43578772.4600538,-1035188.03256752,-94836300404.2151,0,1,4379868.91340807
"172",-2537286.46351198,17902038543903.5,0.562832161837819,2,9693563.2287402,150862.836818171,-253728.039374078,-0.0164910493948059,20,45888218.7900578,-1035188.03256752,-94836300404.2151,0,1,4379868.91340807
"173",-2537286.46351198,17902038543903.5,0.562832161837819,2,9693563.2287402,150911.815004602,-251280.278814535,-6.27121434226651e-05,20,45888120.8336849,-1035188.03256752,-94836300404.2151,0,1,4379868.91340807
"174",-2537286.46351198,17902038543903.5,0.562832161837819,2,9693563.2287402,150620.122038756,-249074.017935507,0.00286955233424047,20,45888704.2196166,-1035188.03256752,-94836300404.2151,0,1,4379868.91340807
"175",-2537147.22406381,17902032885918.7,0.548412006866433,3,12002782.2032871,150799.544195538,-253676.641560274,-0.00351327454401766,20,45888345.375303,-1035188.03256752,-94836300404.2151,0,1,4379868.91340807
"176",-2537286.46351198,17902038543903.5,0.562832161837819,2,9693563.2287402,150772.272686998,-247717.446826512,0.00551190336577929,20,45888399.9183201,-1035188.03256752,-94836300404.2151,0,1,4379868.91340807
"177",-2537286.46351198,17902038543903.5,0.562832161837819,2,9693563.2287402,150892.591533132,-252804.635036897,-0.00985163762902353,20,45888159.2806278,-1035188.03256752,-94836300404.2151,0,1,4379868.91340807
"178",-2536198.09029165,17902031463543,0.450581910557098,3,12000883.9357428,150958.433567026,-252580.268129335,-0.00717363492948019,19,43578530.1431168,-1035188.03256752,-94836300404.2151,0,1,4379868.91340807
"179",-2536730.90902341,17902031886180.3,0.509956563732036,3,12001949.5732063,150866.343037652,-253761.726403784,0.0128873046339457,20,45888211.7776188,-1035188.03256752,-94836300404.2151,0,1,4379868.91340807
"180",-2537286.46351198,17902038543903.5,0.562832161837819,2,9693563.2287402,150737.840417756,-250711.536497484,0.00591604992302102,19,43578971.3294154,-1035188.03256752,-94836300404.2151,0,1,4379868.91340807
"181",-2537286.46351198,17902038543903.5,0.562832161837819,2,9693563.2287402,151044.615597242,-253847.724566968,-0.00213001752745051,20,45887855.2324996,-1035188.03256752,-94836300404.2151,0,1,4379868.91340807
"182",-2536557.54529618,17902031642633.6,0.48851957488169,3,12001602.8457518,150668.708934919,-250284.931853509,0.0102544892655632,19,43579109.592381,-1035188.03256752,-94836300404.2151,0,1,4379868.91340807
"183",-2537286.46351198,17902038543903.5,0.562832161837819,2,9693563.2287402,151053.512858334,-253121.232125647,0.00533006297021296,20,45887837.4379774,-1035188.03256752,-94836300404.2151,0,1,4379868.91340807
"184",-2537286.46351198,17902038543903.5,0.562832161837819,2,9693563.2287402,150859.443249886,-250156.686278796,-0.0106153785890556,19,43578728.1237511,-1035188.03256752,-94836300404.2151,0,1,4379868.91340807
"185",-2537286.46351198,17902038543903.5,0.562832161837819,2,9693563.2287402,151034.211809069,-252602.404708252,-0.00605084279596087,20,45887876.040076,-1035188.03256752,-94836300404.2151,0,1,4379868.91340807
"186",-2537286.46351198,17902038543903.5,0.562832161837819,2,9693563.2287402,150975.919218311,-254485.428299545,-0.00679043843466656,20,45887992.6252575,-1035188.03256752,-94836300404.2151,0,1,4379868.91340807
"187",-2537286.46351198,17902038543903.5,0.562832161837819,2,9693563.2287402,150972.333801531,-251629.36415182,0.00342199653091177,20,45887999.796091,-1035188.03256752,-94836300404.2151,0,1,4379868.91340807
"188",-2537286.46351198,17902038543903.5,0.562832161837819,2,9693563.2287402,150589.254001975,-253906.977444334,0.00289118694523889,20,45888765.9556901,-1035188.03256752,-94836300404.2151,0,1,4379868.91340807
"189",-2537286.46351198,17902038543903.5,0.562832161837819,2,9693563.2287402,150736.247122982,-252077.796304468,-0.0120484751881109,20,45888471.9694481,-1035188.03256752,-94836300404.2151,0,1,4379868.91340807
"190",-2537286.46351198,17902038543903.5,0.562832161837819,2,9693563.2287402,150734.842506808,-253745.133763156,-0.0058066381675094,20,45888474.7786805,-1035188.03256752,-94836300404.2151,0,1,4379868.91340807
"191",-2536420.23568916,17902031561879.6,0.470604253319736,3,12001328.2265378,150807.692290121,-252555.720695735,-0.00195656427313638,19,43578831.6256706,-1035188.03256752,-94836300404.2151,0,1,4379868.91340807
"192",-2536847.54406495,17902032001341.6,0.521953836202136,3,12002182.8432894,150933.489471927,-253822.445672759,-8.62819537371903e-05,20,45888077.4847502,-1035188.03256752,-94836300404.2151,0,1,4379868.91340807
"193",-2537286.46351198,17902038543903.5,0.562832161837819,2,9693563.2287402,150627.594918564,-251643.906128228,-0.00297872008608657,20,45888689.273857,-1035188.03256752,-94836300404.2151,0,1,4379868.91340807
"194",-2537286.46351198,17902038543903.5,0.562832161837819,2,9693563.2287402,150820.051345128,-248919.607486675,0.00508706711015456,19,43578806.9075606,-1035188.03256752,-94836300404.2151,0,1,4379868.91340807
"195",-2536996.37898298,17902032210747.1,0.534778941412533,3,12002480.5131254,150966.193748725,-251015.525744552,0.00774500341345135,20,45888012.0761966,-1035188.03256752,-94836300404.2151,0,1,4379868.91340807
"196",-2536254.29281433,17902031490666.4,0.450581910557098,3,12000996.3407881,150593.218576946,-250238.794012784,0.000935344323629133,18,41269763.1196538,-1035188.03256752,-94836300404.2151,0,1,4379868.91340807
"197",-2537147.22406381,17902032885918.7,0.548412006866433,3,12002782.2032871,150882.301764377,-252514.558987733,-0.0102335859080544,20,45888179.8601653,-1035188.03256752,-94836300404.2151,0,1,4379868.91340807
"198",-2536327.8776509,17902031527342.8,0.470604253319736,3,12001143.5104613,150751.498267485,-251218.209003635,0.00161024302162885,20,45888441.4671591,-1035188.03256752,-94836300404.2151,0,1,4379868.91340807
"199",-2537286.46351198,17902038543903.5,0.562832161837819,2,9693563.2287402,150829.027802703,-252384.15068244,0.00468200715611127,19,43578788.9546455,-1035188.03256752,-94836300404.2151,0,1,4379868.91340807
"200",-2537286.46351198,17902038543903.5,0.562832161837819,2,9693563.2287402,150702.710918018,-251672.092152089,-0.00577966962158785,20,45888539.0418581,-1035188.03256752,-94836300404.2151,0,1,4379868.91340807
"201",-2537286.46351198,17902038543903.5,0.562832161837819,2,9693563.2287402,150880.786204974,-253000.884906137,-0.00162234605346688,19,43578685.4378409,-1035188.03256752,-94836300404.2151,0,1,4379868.91340807
"202",-2537286.46351198,17902038543903.5,0.562832161837819,2,9693563.2287402,150838.213590742,-253530.424604063,0.00468200715611127,20,45888268.0365126,-1035188.03256752,-94836300404.2151,0,1,4379868.91340807
"203",-2537286.46351198,17902038543903.5,0.562832161837819,2,9693563.2287402,151135.66976078,-252750.296515812,0.00921894804796058,20,45887673.1241725,-1035188.03256752,-94836300404.2151,0,1,4379868.91340807
"204",-2537286.46351198,17902038543903.5,0.562832161837819,2,9693563.2287402,151109.936570124,-253246.480594805,-0.00336027322877401,20,45887724.5905538,-1035188.03256752,-94836300404.2151,0,1,4379868.91340807
"205",-2536921.5990157,17902032009825.4,0.521953836202136,3,12002330.9531909,150657.880439301,-252368.389046565,-0.00768540553193149,20,45888628.7028155,-1035188.03256752,-94836300404.2151,0,1,4379868.91340807
"206",-2536813.10225247,17902031976782.3,0.521953836202136,3,12002113.9596644,150893.79261271,-249406.760527115,0.00622164411255378,20,45888156.8784687,-1035188.03256752,-94836300404.2151,0,1,4379868.91340807
"207",-2537286.46351198,17902038543903.5,0.562832161837819,2,9693563.2287402,150985.050886796,-253040.940727743,-0.00758485854945469,20,45887974.3619205,-1035188.03256752,-94836300404.2151,0,1,4379868.91340807
"208",-2537286.46351198,17902038543903.5,0.562832161837819,2,9693563.2287402,150953.82045739,-253317.640961937,-0.00284846630099579,20,45888036.8227793,-1035188.03256752,-94836300404.2151,0,1,4379868.91340807
"209",-2537286.46351198,17902038543903.5,0.562832161837819,2,9693563.2287402,150897.398214632,-251967.648052207,0.00425571935764502,20,45888149.6672648,-1035188.03256752,-94836300404.2151,0,1,4379868.91340807
"210",-2537286.46351198,17902038543903.5,0.562832161837819,2,9693563.2287402,150835.538651603,-250807.11717195,0.0101683770518752,20,45888273.3863909,-1035188.03256752,-94836300404.2151,0,1,4379868.91340807
"211",-2537286.46351198,17902038543903.5,0.562832161837819,2,9693563.2287402,150952.289749388,-254034.449665556,0.00303679465147484,20,45888039.8841953,-1035188.03256752,-94836300404.2151,0,1,4379868.91340807
"212",-2537286.46351198,17902038543903.5,0.562832161837819,2,9693563.2287402,150760.045510299,-253474.568011039,-0.00152456901606661,20,45888424.3726735,-1035188.03256752,-94836300404.2151,0,1,4379868.91340807
"213",-2537147.22406381,17902032885918.7,0.548412006866433,3,12002782.2032871,150624.899330666,-251514.581865891,0.000912515501064603,19,43579197.2115896,-1035188.03256752,-94836300404.2151,0,1,4379868.91340807
"214",-2537191.2732316,17902032920997.1,0.548412006866433,3,12002870.3016227,151034.770136805,-252039.22497047,-0.00722957840556364,20,45887874.9234205,-1035188.03256752,-94836300404.2151,0,1,4379868.91340807
"215",-2536961.09148405,17902032264342.1,0.534778941412533,3,12002409.9381276,150814.0620303,-253725.532173069,-0.00351327454401766,20,45888316.3396335,-1035188.03256752,-94836300404.2151,0,1,4379868.91340807
"216",-2536779.29441882,17902031877018.7,0.509956563732036,3,12002046.3439971,150901.691728986,-253349.229706907,0.00464069861327774,20,45888141.0802361,-1035188.03256752,-94836300404.2151,0,1,4379868.91340807
"217",-2537286.46351198,17902038543903.5,0.562832161837819,2,9693563.2287402,150764.686806414,-251492.64887281,-0.00542479930587582,20,45888415.0900813,-1035188.03256752,-94836300404.2151,0,1,4379868.91340807
"218",-2537286.46351198,17902038543903.5,0.562832161837819,2,9693563.2287402,150942.055091558,-253904.116626539,-0.00361599824298567,20,45888060.353511,-1035188.03256752,-94836300404.2151,0,1,4379868.91340807
"219",-2537286.46351198,17902038543903.5,0.562832161837819,2,9693563.2287402,150923.885390096,-251091.02062358,0.00305846371015174,20,45888096.6929139,-1035188.03256752,-94836300404.2151,0,1,4379868.91340807
"220",-2537286.46351198,17902038543903.5,0.562832161837819,2,9693563.2287402,150948.520115775,-251956.685995659,-0.00676274683633682,20,45888047.4234625,-1035188.03256752,-94836300404.2151,0,1,4379868.91340807
"221",-2537063.98034088,17902032272492.7,0.534778941412533,3,12002615.7158412,150700.118697432,-253220.381842123,-0.00226500566251416,20,45888544.2262992,-1035188.03256752,-94836300404.2151,0,1,4379868.91340807
"222",-2537286.46351198,17902038543903.5,0.562832161837819,2,9693563.2287402,150625.986697537,-253823.481190261,-0.00102129119272778,20,45888692.490299,-1035188.03256752,-94836300404.2151,0,1,4379868.91340807
"223",-2537286.46351198,17902038543903.5,0.562832161837819,2,9693563.2287402,150786.794737647,-253125.052757488,-0.00506935154544814,20,45888370.8742188,-1035188.03256752,-94836300404.2151,0,1,4379868.91340807
"224",-2536410.87821703,17902031608051.9,0.47911396113061,3,12001309.5115935,150356.081030544,-249002.002647331,0.00190003489860019,20,45889232.301633,-1035188.03256752,-94836300404.2151,0,1,4379868.91340807
"225",-2537286.46351198,17902038543903.5,0.562832161837819,2,9693563.2287402,150996.53417306,-251099.573114345,-0.00602357597794758,20,45887951.395348,-1035188.03256752,-94836300404.2151,0,1,4379868.91340807
"226",-2536621.07838163,17902031730244.3,0.498805924309898,3,12001729.9119227,150782.4275772,-251958.080537831,0.0180128741601683,20,45888379.6085397,-1035188.03256752,-94836300404.2151,0,1,4379868.91340807
"227",-2537286.46351198,17902038543903.5,0.562832161837819,2,9693563.2287402,150952.046016202,-253935.108246118,-0.00167141411050166,20,45888040.3716617,-1035188.03256752,-94836300404.2151,0,1,4379868.91340807
"228",-2537286.46351198,17902038543903.5,0.562832161837819,2,9693563.2287402,150930.920390303,-255098.810282879,-8.62819537371903e-05,20,45888082.6229135,-1035188.03256752,-94836300404.2151,0,1,4379868.91340807
"229",-2537286.46351198,17902038543903.5,0.562832161837819,2,9693563.2287402,151016.873469951,-253299.092619444,-0.00761307657859381,20,45887910.7167542,-1035188.03256752,-94836300404.2151,0,1,4379868.91340807
"230",-2536255.75131387,17902031458896.7,0.445780022265606,3,12000999.2577872,150673.94849301,-252688.56824133,-0.0116069407476212,20,45888596.5667081,-1035188.03256752,-94836300404.2151,0,1,4379868.91340807
"231",-2537286.46351198,17902038543903.5,0.562832161837819,2,9693563.2287402,150809.301251806,-253759.960002832,-0.0101741342203091,20,45888325.8611905,-1035188.03256752,-94836300404.2151,0,1,4379868.91340807
"232",-2537191.2732316,17902032920997.1,0.548412006866433,3,12002870.3016227,150935.258375315,-249894.727925405,0.00226686223909513,20,45888073.9469435,-1035188.03256752,-94836300404.2151,0,1,4379868.91340807
"233",-2537286.46351198,17902038543903.5,0.562832161837819,2,9693563.2287402,151097.359850196,-254091.157256204,-0.0108262063430869,20,45887749.7439937,-1035188.03256752,-94836300404.2151,0,1,4379868.91340807
"234",-2537286.46351198,17902038543903.5,0.562832161837819,2,9693563.2287402,150720.200312251,-254018.943243252,-0.0010934510094896,20,45888504.0630696,-1035188.03256752,-94836300404.2151,0,1,4379868.91340807
"235",-2536728.0143898,17902026283413.5,0.508566752026189,4,14311441.2373823,150942.614224734,-254468.839053464,-0.0102931831198073,20,45888059.2352446,-1035188.03256752,-94836300404.2151,0,1,4379868.91340807
"236",-2537286.46351198,17902038543903.5,0.562832161837819,2,9693563.2287402,151128.634585301,-254243.148035869,0.00213350548334528,20,45887687.1945235,-1035188.03256752,-94836300404.2151,0,1,4379868.91340807
"237",-2537286.46351198,17902038543903.5,0.562832161837819,2,9693563.2287402,150967.836323948,-253570.092874953,0.00695387368437576,20,45888008.7910462,-1035188.03256752,-94836300404.2151,0,1,4379868.91340807
"238",-2537286.46351198,17902038543903.5,0.562832161837819,2,9693563.2287402,150998.428680847,-253790.022015432,-0.00366754886792897,20,45887947.6063324,-1035188.03256752,-94836300404.2151,0,1,4379868.91340807
"239",-2536813.10225247,17902031976782.3,0.521953836202136,3,12002113.9596644,150712.748348628,-249945.621901743,-0.0010934510094896,20,45888518.9669968,-1035188.03256752,-94836300404.2151,0,1,4379868.91340807
"240",-2537286.46351198,17902038543903.5,0.562832161837819,2,9693563.2287402,151104.605555268,-252547.679012763,0.00923689407469768,20,45887735.2525836,-1035188.03256752,-94836300404.2151,0,1,4379868.91340807
"241",-2537286.46351198,17902038543903.5,0.562832161837819,2,9693563.2287402,150790.93792455,-252455.966889888,0.00783871951935038,19,43578865.1344018,-1035188.03256752,-94836300404.2151,0,1,4379868.91340807
"242",-2537286.46351198,17902038543903.5,0.562832161837819,2,9693563.2287402,150935.902768719,-251872.138424614,0.0105028669140083,20,45888072.6581567,-1035188.03256752,-94836300404.2151,0,1,4379868.91340807
"243",-2537286.46351198,17902038543903.5,0.562832161837819,2,9693563.2287402,150521.862022063,-250043.023202208,-0.000163387251126206,20,45888900.73965,-1035188.03256752,-94836300404.2151,0,1,4379868.91340807
"244",-2537147.22406381,17902032885918.7,0.548412006866433,3,12002782.2032871,150993.592219226,-252650.505743756,0.000659552917343889,20,45887957.2792556,-1035188.03256752,-94836300404.2151,0,1,4379868.91340807
"245",-2537062.90684902,17902032322006.6,0.534778941412533,3,12002613.5688575,150873.362263199,-254601.288698299,-3.91711387049999e-05,20,45888197.7391677,-1035188.03256752,-94836300404.2151,0,1,4379868.91340807
"246",-2537286.46351198,17902038543903.5,0.562832161837819,2,9693563.2287402,150909.599579039,-251596.929197292,-0.000854627139508088,20,45888125.264536,-1035188.03256752,-94836300404.2151,0,1,4379868.91340807
"247",-2537286.46351198,17902038543903.5,0.562832161837819,2,9693563.2287402,150795.71486836,-252457.278374181,-0.00817960728501161,20,45888353.0339574,-1035188.03256752,-94836300404.2151,0,1,4379868.91340807
"248",-2536676.80242626,17902031748216.9,0.498805924309898,3,12001841.360012,150847.565753965,-253786.502717157,0.000368058764105655,20,45888249.3321862,-1035188.03256752,-94836300404.2151,0,1,4379868.91340807
"249",-2537286.46351198,17902038543903.5,0.562832161837819,2,9693563.2287402,150866.653745272,-251878.676850483,-0.00747233122635524,20,45888211.1562036,-1035188.03256752,-94836300404.2151,0,1,4379868.91340807
"250",-2537286.46351198,17902038543903.5,0.562832161837819,2,9693563.2287402,150482.001815251,-250220.723248243,-0.00209206647949542,19,43579483.0066204,-1035188.03256752,-94836300404.2151,0,1,4379868.91340807
"251",-2537286.46351198,17902038543903.5,0.562832161837819,2,9693563.2287402,151042.255867476,-254219.858589884,-0.0056669470010768,20,45887859.9519591,-1035188.03256752,-94836300404.2151,0,1,4379868.91340807
"252",-2536779.29441882,17902031877018.7,0.509956563732036,3,12002046.3439971,150789.428728544,-254072.900671769,-0.00545157329120161,20,45888365.606237,-1035188.03256752,-94836300404.2151,0,1,4379868.91340807
"253",-2537286.46351198,17902038543903.5,0.562832161837819,2,9693563.2287402,150473.91674447,-250223.908479487,-0.00401918636741739,20,45888996.6302052,-1035188.03256752,-94836300404.2151,0,1,4379868.91340807
"254",-2536664.88974976,17902031681137.8,0.498805924309898,3,12001817.534659,150954.654981134,-253288.655875786,-0.00637962287247817,20,45888035.1537318,-1035188.03256752,-94836300404.2151,0,1,4379868.91340807
"255",-2537286.46351198,17902038543903.5,0.562832161837819,2,9693563.2287402,150783.881324276,-252360.747346926,-0.0124909075266126,20,45888376.7010455,-1035188.03256752,-94836300404.2151,0,1,4379868.91340807
"256",-2537286.46351198,17902038543903.5,0.562832161837819,2,9693563.2287402,150773.398550754,-253062.864761508,0.0187990209494913,20,45888397.6665926,-1035188.03256752,-94836300404.2151,0,1,4379868.91340807
"257",-2537147.22406381,17902032885918.7,0.548412006866433,3,12002782.2032871,150911.406080549,-254208.120384122,0.00032146525431037,20,45888121.651533,-1035188.03256752,-94836300404.2151,0,1,4379868.91340807
"258",-2537147.22406381,17902032885918.7,0.548412006866433,3,12002782.2032871,150438.851284085,-252345.268333336,-0.000497237998306278,20,45889066.7611259,-1035188.03256752,-94836300404.2151,0,1,4379868.91340807
"259",-2537286.46351198,17902038543903.5,0.562832161837819,2,9693563.2287402,150886.199666678,-254797.404713849,-0.000830597324849744,20,45888172.0643607,-1035188.03256752,-94836300404.2151,0,1,4379868.91340807
"260",-2536620.23558597,17902031686459.2,0.48851957488169,3,12001728.2263314,150947.640836828,-252290.773320163,-0.00520257068198404,19,43578551.7285772,-1035188.03256752,-94836300404.2151,0,1,4379868.91340807
"261",-2537286.46351198,17902038543903.5,0.562832161837819,2,9693563.2287402,150706.050158801,-249482.423360224,-0.00147585916086865,20,45888532.3633765,-1035188.03256752,-94836300404.2151,0,1,4379868.91340807
"262",-2537286.46351198,17902038543903.5,0.562832161837819,2,9693563.2287402,150778.363665129,-251709.093953086,0.00745387280705186,19,43578890.2829206,-1035188.03256752,-94836300404.2151,0,1,4379868.91340807
"263",-2537286.46351198,17902038543903.5,0.562832161837819,2,9693563.2287402,150844.953384834,-252377.670927316,-0.0035389084190005,20,45888254.5569244,-1035188.03256752,-94836300404.2151,0,1,4379868.91340807
"264",-2537286.46351198,17902038543903.5,0.562832161837819,2,9693563.2287402,150703.432011726,-251398.297250501,-0.0104658882336861,19,43579040.1462274,-1035188.03256752,-94836300404.2151,0,1,4379868.91340807
"265",-2537286.46351198,17902038543903.5,0.562832161837819,2,9693563.2287402,150932.068476575,-254295.70787141,0.0116794390104244,20,45888080.3267409,-1035188.03256752,-94836300404.2151,0,1,4379868.91340807
"266",-2537286.46351198,17902038543903.5,0.562832161837819,2,9693563.2287402,151075.284952272,-253388.933346086,0.00610297992151064,20,45887793.8937896,-1035188.03256752,-94836300404.2151,0,1,4379868.91340807
"267",-2536560.88968885,17902031657163.7,0.48851957488169,3,12001609.5345371,150904.077553323,-254779.28796361,-0.0149677358653296,20,45888136.3085874,-1035188.03256752,-94836300404.2151,0,1,4379868.91340807
"268",-2537286.46351198,17902038543903.5,0.562832161837819,2,9693563.2287402,150757.679197365,-250067.298472862,-0.00228983174035027,20,45888429.1052994,-1035188.03256752,-94836300404.2151,0,1,4379868.91340807
"269",-2537286.46351198,17902038543903.5,0.562832161837819,2,9693563.2287402,151154.772434095,-253316.48007883,-0.00181934172908348,20,45887634.9188259,-1035188.03256752,-94836300404.2151,0,1,4379868.91340807
"270",-2537286.46351198,17902038543903.5,0.562832161837819,2,9693563.2287402,150579.581458034,-251925.195676993,0.00601494386312106,20,45888785.300778,-1035188.03256752,-94836300404.2151,0,1,4379868.91340807
"271",-2537286.46351198,17902038543903.5,0.562832161837819,2,9693563.2287402,150628.259488312,-250251.280405973,-0.000639411117955756,20,45888687.9447175,-1035188.03256752,-94836300404.2151,0,1,4379868.91340807
"272",-2537286.46351198,17902038543903.5,0.562832161837819,2,9693563.2287402,150879.061255233,-253451.56496462,-0.0149350801996568,20,45888186.3411836,-1035188.03256752,-94836300404.2151,0,1,4379868.91340807
"273",-2537286.46351198,17902038543903.5,0.562832161837819,2,9693563.2287402,150952.285442748,-253884.277306444,0.0250111797148977,20,45888039.8928086,-1035188.03256752,-94836300404.2151,0,1,4379868.91340807
"274",-2537286.46351198,17902038543903.5,0.562832161837819,2,9693563.2287402,150810.690981506,-253848.080986376,-0.0136959499119546,20,45888323.0817311,-1035188.03256752,-94836300404.2151,0,1,4379868.91340807
"275",-2537286.46351198,17902038543903.5,0.562832161837819,2,9693563.2287402,151007.262486248,-253693.328257281,0.0238164437147997,20,45887929.9387216,-1035188.03256752,-94836300404.2151,0,1,4379868.91340807
"276",-2536813.10225247,17902031976782.3,0.521953836202136,3,12002113.9596644,150945.668172612,-251530.088442006,0.0108894345810157,20,45888053.1273489,-1035188.03256752,-94836300404.2151,0,1,4379868.91340807
"277",-2537286.46351198,17902038543903.5,0.562832161837819,2,9693563.2287402,150470.94651786,-250481.772644023,-0.0129697450372064,18,41270007.6637719,-1035188.03256752,-94836300404.2151,0,1,4379868.91340807
"278",-2537286.46351198,17902038543903.5,0.562832161837819,2,9693563.2287402,151006.346196955,-254524.959720423,-0.000926893258029796,20,45887931.7713002,-1035188.03256752,-94836300404.2151,0,1,4379868.91340807
"279",-2537286.46351198,17902038543903.5,0.562832161837819,2,9693563.2287402,150918.124867737,-254422.093070773,-0.00635219385954594,20,45888108.2139586,-1035188.03256752,-94836300404.2151,0,1,4379868.91340807
"280",-2537286.46351198,17902038543903.5,0.562832161837819,2,9693563.2287402,150876.744575835,-252907.355345034,0.00231109718359513,20,45888190.9745424,-1035188.03256752,-94836300404.2151,0,1,4379868.91340807
"281",-2537286.46351198,17902038543903.5,0.562832161837819,2,9693563.2287402,150681.487313781,-252468.020922023,-0.0112267443222185,19,43579084.0356233,-1035188.03256752,-94836300404.2151,0,1,4379868.91340807
"282",-2537286.46351198,17902038543903.5,0.562832161837819,2,9693563.2287402,150797.329393828,-252372.560989674,0.00783871951935038,20,45888349.8049064,-1035188.03256752,-94836300404.2151,0,1,4379868.91340807
"283",-2536202.71930196,17902031453973.2,0.445780022265606,3,12000893.1937634,150605.274652005,-250290.452374175,-0.00803779557024691,19,43579236.4609469,-1035188.03256752,-94836300404.2151,0,1,4379868.91340807
"284",-2536128.18636968,17902031417188.2,0.439034773377593,3,12000744.1278988,151087.367788367,-251611.571394274,0.00176991150442478,20,45887769.7281174,-1035188.03256752,-94836300404.2151,0,1,4379868.91340807
"285",-2537286.46351198,17902038543903.5,0.562832161837819,2,9693563.2287402,150668.034416999,-249217.564551975,-0.00341105118137893,20,45888608.3948601,-1035188.03256752,-94836300404.2151,0,1,4379868.91340807
"286",-2537286.46351198,17902038543903.5,0.562832161837819,2,9693563.2287402,150946.746872073,-254333.325172702,0.0026517499195845,20,45888050.9699499,-1035188.03256752,-94836300404.2151,0,1,4379868.91340807
"287",-2537286.46351198,17902038543903.5,0.562832161837819,2,9693563.2287402,151050.487194811,-253531.356725058,-0.0123581990990779,20,45887843.4893045,-1035188.03256752,-94836300404.2151,0,1,4379868.91340807
"288",-2537286.46351198,17902038543903.5,0.562832161837819,2,9693563.2287402,150807.875607597,-253850.36034763,-0.00900019565642732,20,45888328.7124789,-1035188.03256752,-94836300404.2151,0,1,4379868.91340807
"289",-2537286.46351198,17902038543903.5,0.562832161837819,2,9693563.2287402,150818.715131993,-249762.21845483,0.00547166709719841,19,43578809.5799869,-1035188.03256752,-94836300404.2151,0,1,4379868.91340807
"290",-2537286.46351198,17902038543903.5,0.562832161837819,2,9693563.2287402,150767.495321975,-251997.693420605,0.0160666119385481,20,45888409.4730501,-1035188.03256752,-94836300404.2151,0,1,4379868.91340807
"291",-2537286.46351198,17902038543903.5,0.562832161837819,2,9693563.2287402,150707.877022603,-253411.726525011,0.010622095520756,20,45888528.7096489,-1035188.03256752,-94836300404.2151,0,1,4379868.91340807
"292",-2537286.46351198,17902038543903.5,0.562832161837819,2,9693563.2287402,150953.605253206,-253940.438568217,-0.00991077944396055,20,45888037.2531877,-1035188.03256752,-94836300404.2151,0,1,4379868.91340807
"293",-2536682.46587466,17902031890085.4,0.509956563732036,3,12001852.6869088,151039.943673262,-253529.134406378,0.00573651330006679,20,45887864.5763476,-1035188.03256752,-94836300404.2151,0,1,4379868.91340807
"294",-2537286.46351198,17902038543903.5,0.562832161837819,2,9693563.2287402,150777.812878373,-249861.833039084,0.0082421664229467,20,45888388.8379373,-1035188.03256752,-94836300404.2151,0,1,4379868.91340807
"295",-2537286.46351198,17902038543903.5,0.562832161837819,2,9693563.2287402,150872.236265852,-251211.678803821,-0.00826511026675545,20,45888199.9911624,-1035188.03256752,-94836300404.2151,0,1,4379868.91340807
"296",-2535945.85683329,17902025191250.8,0.431293442862004,4,14309876.9222693,150640.06279162,-250735.740222611,-0.0127466046758353,19,43579166.8846676,-1035188.03256752,-94836300404.2151,0,1,4379868.91340807
"297",-2537286.46351198,17902038543903.5,0.562832161837819,2,9693563.2287402,150905.234402137,-253719.371060307,-0.00241441752177287,20,45888133.9948898,-1035188.03256752,-94836300404.2151,0,1,4379868.91340807
"298",-2537286.46351198,17902038543903.5,0.562832161837819,2,9693563.2287402,150736.216305635,-254262.919397247,-0.00970441386746677,20,45888472.0310828,-1035188.03256752,-94836300404.2151,0,1,4379868.91340807
"299",-2536868.41895888,17902026573970,0.521033998432379,4,14311722.0465204,150593.841941995,-249654.343630098,0.00406013045409558,20,45888756.7798101,-1035188.03256752,-94836300404.2151,0,1,4379868.91340807
"300",-2537286.46351198,17902038543903.5,0.562832161837819,2,9693563.2287402,150732.906066016,-250299.698616965,0.00435995405639811,19,43578981.1981189,-1035188.03256752,-94836300404.2151,0,1,4379868.91340807
"301",-2536876.89203347,17902031974325.1,0.521953836202136,3,12002241.5392264,151033.085797174,-253193.63545591,0.00927272012887509,20,45887878.2920997,-1035188.03256752,-94836300404.2151,0,1,4379868.91340807
"302",-2537286.46351198,17902038543903.5,0.562832161837819,2,9693563.2287402,150739.146430973,-253323.370729117,5.47058777558088e-05,20,45888466.1708321,-1035188.03256752,-94836300404.2151,0,1,4379868.91340807
"303",-2537286.46351198,17902038543903.5,0.562832161837819,2,9693563.2287402,150895.707484045,-252367.147712234,-0.00867602454680115,20,45888153.048726,-1035188.03256752,-94836300404.2151,0,1,4379868.91340807
"304",-2537063.98034088,17902032272492.7,0.534778941412533,3,12002615.7158412,150848.005435306,-254207.903659947,-0.00471332492973075,20,45888248.4528235,-1035188.03256752,-94836300404.2151,0,1,4379868.91340807
"305",-2536897.84322699,17902032000375.8,0.521953836202136,3,12002283.4416134,150922.254839625,-252254.422181944,-0.00282319727090931,20,45888099.9540148,-1035188.03256752,-94836300404.2151,0,1,4379868.91340807
"306",-2536695.76436314,17902031790764.6,0.498805924309898,3,12001879.2838857,150995.072892327,-254174.53652536,-0.00366754886792897,20,45887954.3179094,-1035188.03256752,-94836300404.2151,0,1,4379868.91340807
"307",-2537286.46351198,17902038543903.5,0.562832161837819,2,9693563.2287402,150806.850919618,-250896.115054308,-0.00938177322556162,20,45888330.7618549,-1035188.03256752,-94836300404.2151,0,1,4379868.91340807
"308",-2537286.46351198,17902038543903.5,0.562832161837819,2,9693563.2287402,150851.411430891,-252463.636406067,-0.00550521938651652,20,45888241.6408323,-1035188.03256752,-94836300404.2151,0,1,4379868.91340807
"309",-2536833.53292269,17902031965907.3,0.521953836202136,3,12002154.8210048,150733.346465584,-252204.658488499,-0.00932344459466852,20,45888477.7707629,-1035188.03256752,-94836300404.2151,0,1,4379868.91340807
"310",-2537286.46351198,17902038543903.5,0.562832161837819,2,9693563.2287402,150998.443287788,-253457.498483002,-0.00484556242293828,20,45887947.5771185,-1035188.03256752,-94836300404.2151,0,1,4379868.91340807
"311",-2536733.33647933,17902031858703,0.509956563732036,3,12001954.4281181,150845.778115037,-253175.593474605,0.00389202565447896,20,45888252.907464,-1035188.03256752,-94836300404.2151,0,1,4379868.91340807
"312",-2537063.98034088,17902032272492.7,0.534778941412533,3,12002615.7158412,150991.188860167,-253366.450395585,0.00537064518408593,20,45887962.0859738,-1035188.03256752,-94836300404.2151,0,1,4379868.91340807
"313",-2537286.46351198,17902038543903.5,0.562832161837819,2,9693563.2287402,150914.247824203,-251809.47624856,-0.00555899671478192,20,45888115.9680457,-1035188.03256752,-94836300404.2151,0,1,4379868.91340807
"314",-2537286.46351198,17902038543903.5,0.562832161837819,2,9693563.2287402,150884.572716557,-252740.734648922,0.0120985119770567,20,45888175.318261,-1035188.03256752,-94836300404.2151,0,1,4379868.91340807
"315",-2536108.3664995,17902031416795.6,0.439034773377593,3,12000704.4881585,150684.226622872,-251666.167553771,-0.00771350722555764,19,43579078.5570051,-1035188.03256752,-94836300404.2151,0,1,4379868.91340807
"316",-2537286.46351198,17902038543903.5,0.562832161837819,2,9693563.2287402,150731.416237378,-249855.240562409,-0.00267222990553433,19,43578984.1777761,-1035188.03256752,-94836300404.2151,0,1,4379868.91340807
"317",-2537286.46351198,17902038543903.5,0.562832161837819,2,9693563.2287402,150637.453174526,-251196.8062988,0.000124813754475746,19,43579172.1039018,-1035188.03256752,-94836300404.2151,0,1,4379868.91340807
"318",-2537286.46351198,17902038543903.5,0.562832161837819,2,9693563.2287402,150877.366200101,-254267.91419502,-0.0129656469113557,20,45888189.7312939,-1035188.03256752,-94836300404.2151,0,1,4379868.91340807
"319",-2537286.46351198,17902038543903.5,0.562832161837819,2,9693563.2287402,150961.75949075,-252116.621075009,0.0116630432223277,19,43578523.4912694,-1035188.03256752,-94836300404.2151,0,1,4379868.91340807
"320",-2537286.46351198,17902038543903.5,0.562832161837819,2,9693563.2287402,150332.279540861,-253983.324599306,-0.00700016279448359,20,45889279.9046124,-1035188.03256752,-94836300404.2151,0,1,4379868.91340807
"321",-2537286.46351198,17902038543903.5,0.562832161837819,2,9693563.2287402,150732.490409865,-250226.493907017,0.00122697468680885,19,43578982.0294311,-1035188.03256752,-94836300404.2151,0,1,4379868.91340807
"322",-2537286.46351198,17902038543903.5,0.562832161837819,2,9693563.2287402,151031.878033607,-254202.577252343,0.00220030647125849,20,45887880.7076269,-1035188.03256752,-94836300404.2151,0,1,4379868.91340807
"323",-2537286.46351198,17902038543903.5,0.562832161837819,2,9693563.2287402,151000.705720288,-252899.333596288,0.00457854601713617,20,45887943.0522535,-1035188.03256752,-94836300404.2151,0,1,4379868.91340807
"324",-2537191.2732316,17902032920997.1,0.548412006866433,3,12002870.3016227,150991.390828706,-251183.686598425,-0.0087626316161402,20,45887961.6820367,-1035188.03256752,-94836300404.2151,0,1,4379868.91340807
"325",-2537286.46351198,17902038543903.5,0.562832161837819,2,9693563.2287402,150685.350806199,-249884.538893142,-0.00654242819333735,20,45888573.7620817,-1035188.03256752,-94836300404.2151,0,1,4379868.91340807
"326",-2537286.46351198,17902038543903.5,0.562832161837819,2,9693563.2287402,150903.521679531,-252786.067925513,0.00464069861327774,20,45888137.420335,-1035188.03256752,-94836300404.2151,0,1,4379868.91340807
"327",-2537078.52860568,17902032665150.5,0.548412006866433,3,12002644.8123708,150739.554677368,-249904.703884079,-0.00346210054940332,20,45888465.3543394,-1035188.03256752,-94836300404.2151,0,1,4379868.91340807
"328",-2537286.46351198,17902038543903.5,0.562832161837819,2,9693563.2287402,150824.879938811,-254136.091777496,-0.00744428527816265,20,45888294.7038165,-1035188.03256752,-94836300404.2151,0,1,4379868.91340807
"329",-2537286.46351198,17902038543903.5,0.562832161837819,2,9693563.2287402,150885.124491557,-250946.133524299,0.00622164411255378,20,45888174.214711,-1035188.03256752,-94836300404.2151,0,1,4379868.91340807
"330",-2537286.46351198,17902038543903.5,0.562832161837819,2,9693563.2287402,150538.802288677,-254657.761615631,0.0021486792629096,20,45888866.8591167,-1035188.03256752,-94836300404.2151,0,1,4379868.91340807
"331",-2536736.96066014,17902026403211.5,0.508566752026189,4,14311459.129923,150847.119757701,-251939.553749911,-0.00550521938651652,20,45888250.2241787,-1035188.03256752,-94836300404.2151,0,1,4379868.91340807
"332",-2537286.46351198,17902038543903.5,0.562832161837819,2,9693563.2287402,150889.234180725,-250927.425721087,-0.00985163762902353,20,45888165.9953326,-1035188.03256752,-94836300404.2151,0,1,4379868.91340807
"333",-2537286.46351198,17902038543903.5,0.562832161837819,2,9693563.2287402,150790.063348543,-252097.781432937,-0.00624281255133891,19,43578866.8835538,-1035188.03256752,-94836300404.2151,0,1,4379868.91340807
"334",-2536996.37898298,17902032210747.1,0.534778941412533,3,12002480.5131254,150973.410791891,-251384.913168653,-0.0154146816208962,20,45887997.6421103,-1035188.03256752,-94836300404.2151,0,1,4379868.91340807
"335",-2537286.46351198,17902038543903.5,0.562832161837819,2,9693563.2287402,150267.549282587,-249412.001268582,-0.0201315249300935,19,43579911.9116857,-1035188.03256752,-94836300404.2151,0,1,4379868.91340807
"336",-2537286.46351198,17902038543903.5,0.562832161837819,2,9693563.2287402,150894.993357702,-250356.033471008,-0.00514918530013401,20,45888154.4769787,-1035188.03256752,-94836300404.2151,0,1,4379868.91340807
"337",-2537286.46351198,17902038543903.5,0.562832161837819,2,9693563.2287402,151049.105734501,-251551.854048577,0.0179125828230985,20,45887846.2522251,-1035188.03256752,-94836300404.2151,0,1,4379868.91340807
"338",-2537286.46351198,17902038543903.5,0.562832161837819,2,9693563.2287402,150887.347289763,-250725.393756873,0.00739701768545436,20,45888169.7691146,-1035188.03256752,-94836300404.2151,0,1,4379868.91340807
"339",-2536209.84535083,17902031378912,0.437102696407486,3,12000907.4458611,150564.444825208,-252735.599647471,-0.014231964665467,20,45888815.5740437,-1035188.03256752,-94836300404.2151,0,1,4379868.91340807
"340",-2537286.46351198,17902038543903.5,0.562832161837819,2,9693563.2287402,150913.578848913,-254478.224646458,-0.0126155510776927,20,45888117.3059963,-1035188.03256752,-94836300404.2151,0,1,4379868.91340807
"341",-2537286.46351198,17902038543903.5,0.562832161837819,2,9693563.2287402,150881.57856919,-251719.886058725,-0.000830597324849744,20,45888181.3065557,-1035188.03256752,-94836300404.2151,0,1,4379868.91340807
"342",-2537063.98034088,17902032272492.7,0.534778941412533,3,12002615.7158412,150713.932664566,-252717.676278564,-0.000710887515721554,20,45888516.598365,-1035188.03256752,-94836300404.2151,0,1,4379868.91340807
"343",-2536430.43026163,17902031629666.5,0.47911396113061,3,12001348.6156827,150898.673387982,-253723.41243831,-0.0129970917243488,20,45888147.1169181,-1035188.03256752,-94836300404.2151,0,1,4379868.91340807
"344",-2536538.26930085,17902031660573,0.47911396113061,3,12001564.2937612,150845.083795225,-249177.604830321,-0.0082365744619215,20,45888254.2961036,-1035188.03256752,-94836300404.2151,0,1,4379868.91340807
"345",-2536891.37373547,17902031975012.4,0.521953836202136,3,12002270.5026304,150753.503554183,-249413.518083223,0.00395525713079707,20,45888437.4565857,-1035188.03256752,-94836300404.2151,0,1,4379868.91340807
"346",-2537286.46351198,17902038543903.5,0.562832161837819,2,9693563.2287402,150999.508019701,-249013.652163765,0.00301509905071491,20,45887945.4476547,-1035188.03256752,-94836300404.2151,0,1,4379868.91340807
"347",-2536895.0680699,17902032031337.5,0.521953836202136,3,12002277.8912992,150971.705117623,-250320.099712132,-0.00325784040507124,20,45888001.0534588,-1035188.03256752,-94836300404.2151,0,1,4379868.91340807
"348",-2537191.2732316,17902032920997.1,0.548412006866433,3,12002870.3016227,150900.736129909,-251220.482002707,-0.00711782827847327,20,45888142.9914343,-1035188.03256752,-94836300404.2151,0,1,4379868.91340807
"349",-2537286.46351198,17902038543903.5,0.562832161837819,2,9693563.2287402,150993.754281577,-248711.664772439,-0.00169599321602713,20,45887956.9551309,-1035188.03256752,-94836300404.2151,0,1,4379868.91340807
"350",-2537191.2732316,17902032920997.1,0.548412006866433,3,12002870.3016227,151068.916942747,-253829.44001328,-0.00136030886087894,20,45887806.6298086,-1035188.03256752,-94836300404.2151,0,1,4379868.91340807
"351",-2537286.46351198,17902038543903.5,0.562832161837819,2,9693563.2287402,150555.541860411,-249558.222271776,0.0048666536889235,20,45888833.3799733,-1035188.03256752,-94836300404.2151,0,1,4379868.91340807
"352",-2537286.46351198,17902038543903.5,0.562832161837819,2,9693563.2287402,150676.73576077,-253017.885444959,0.00791328167068575,20,45888590.9921726,-1035188.03256752,-94836300404.2151,0,1,4379868.91340807
"353",-2537286.46351198,17902038543903.5,0.562832161837819,2,9693563.2287402,150915.628014605,-252722.424503644,0.00973020440485804,20,45888113.2076649,-1035188.03256752,-94836300404.2151,0,1,4379868.91340807
"354",-2537286.46351198,17902038543903.5,0.562832161837819,2,9693563.2287402,150865.201596469,-253255.126962554,0.0195502502526024,20,45888214.0605012,-1035188.03256752,-94836300404.2151,0,1,4379868.91340807
"355",-2536627.95604695,17902031678838.4,0.48851957488169,3,12001743.6672534,151067.105824499,-252172.421253555,0.00217806678880615,20,45887810.2520451,-1035188.03256752,-94836300404.2151,0,1,4379868.91340807
"356",-2537286.46351198,17902038543903.5,0.562832161837819,2,9693563.2287402,150831.844656876,-250140.301909393,0.00782002207453678,20,45888280.7743803,-1035188.03256752,-94836300404.2151,0,1,4379868.91340807
"357",-2537286.46351198,17902038543903.5,0.562832161837819,2,9693563.2287402,150873.62728811,-252713.442801326,0.00113596302244506,20,45888197.2091179,-1035188.03256752,-94836300404.2151,0,1,4379868.91340807
"358",-2537191.2732316,17902032920997.1,0.548412006866433,3,12002870.3016227,150860.44401996,-254158.031010413,-0.00629743637944404,20,45888223.5756542,-1035188.03256752,-94836300404.2151,0,1,4379868.91340807
"359",-2537286.46351198,17902038543903.5,0.562832161837819,2,9693563.2287402,150682.332309172,-249037.786249442,0.00244315565165128,20,45888579.7990758,-1035188.03256752,-94836300404.2151,0,1,4379868.91340807
"360",-2537286.46351198,17902038543903.5,0.562832161837819,2,9693563.2287402,150430.006038644,-250716.637171446,0.0119390695759572,18,41270089.5447304,-1035188.03256752,-94836300404.2151,0,1,4379868.91340807
"361",-2537286.46351198,17902038543903.5,0.562832161837819,2,9693563.2287402,150896.18747897,-251223.357892667,-0.00594197558929817,20,45888152.0887362,-1035188.03256752,-94836300404.2151,0,1,4379868.91340807
"362",-2536701.60633596,17902031800163.8,0.509956563732036,3,12001890.9678314,150923.641207986,-254641.496001168,-0.00752852605575815,20,45888097.1812781,-1035188.03256752,-94836300404.2151,0,1,4379868.91340807
"363",-2537286.46351198,17902038543903.5,0.562832161837819,2,9693563.2287402,150936.54317316,-252449.726142013,-0.00479257033940184,20,45888071.3773478,-1035188.03256752,-94836300404.2151,0,1,4379868.91340807
"364",-2537286.46351198,17902038543903.5,0.562832161837819,2,9693563.2287402,150618.629263169,-251316.475153895,0.00754817027050209,19,43579209.7517245,-1035188.03256752,-94836300404.2151,0,1,4379868.91340807
"365",-2537286.46351198,17902038543903.5,0.562832161837819,2,9693563.2287402,150741.584856002,-253925.572508448,5.47058777558088e-05,20,45888461.2939821,-1035188.03256752,-94836300404.2151,0,1,4379868.91340807
"366",-2537286.46351198,17902038543903.5,0.562832161837819,2,9693563.2287402,150826.877556052,-254767.794063452,-0.0144893502101778,20,45888290.708582,-1035188.03256752,-94836300404.2151,0,1,4379868.91340807
"367",-2537286.46351198,17902038543903.5,0.562832161837819,2,9693563.2287402,150990.619904688,-253876.778035985,0.0253927873177396,20,45887963.2238847,-1035188.03256752,-94836300404.2151,0,1,4379868.91340807
"368",-2537147.22406381,17902032885918.7,0.548412006866433,3,12002782.2032871,150993.862501347,-254313.708788374,-0.00013350820290105,20,45887956.7386914,-1035188.03256752,-94836300404.2151,0,1,4379868.91340807
"369",-2537286.46351198,17902038543903.5,0.562832161837819,2,9693563.2287402,150880.034893735,-250333.15920906,0.0136757760180464,20,45888184.3939066,-1035188.03256752,-94836300404.2151,0,1,4379868.91340807
"370",-2536961.09148405,17902032264342.1,0.534778941412533,3,12002409.9381276,151037.176906407,-250475.51314603,-0.00487210718635811,20,45887870.1098813,-1035188.03256752,-94836300404.2151,0,1,4379868.91340807
"371",-2536674.55416436,17902031745888.2,0.498805924309898,3,12001836.8634882,150930.903289841,-254200.021958004,-0.00949885872506648,20,45888082.6571144,-1035188.03256752,-94836300404.2151,0,1,4379868.91340807
"372",-2537286.46351198,17902038543903.5,0.562832161837819,2,9693563.2287402,151159.672776617,-254253.819310578,0.00329281646093128,20,45887625.1181409,-1035188.03256752,-94836300404.2151,0,1,4379868.91340807
"373",-2536813.10225247,17902031976782.3,0.521953836202136,3,12002113.9596644,150835.941868194,-251435.025953671,-0.00236449190827024,20,45888272.5799577,-1035188.03256752,-94836300404.2151,0,1,4379868.91340807
"374",-2537286.46351198,17902038543903.5,0.562832161837819,2,9693563.2287402,150899.608755408,-251457.772479423,-0.0141729444135239,20,45888145.2461833,-1035188.03256752,-94836300404.2151,0,1,4379868.91340807
"375",-2537191.2732316,17902032920997.1,0.548412006866433,3,12002870.3016227,150805.01023077,-251831.395453888,0.0023552241375263,20,45888334.4432326,-1035188.03256752,-94836300404.2151,0,1,4379868.91340807
"376",-2537286.46351198,17902038543903.5,0.562832161837819,2,9693563.2287402,151098.722590583,-251622.886057136,0.000975617432080506,20,45887747.0185129,-1035188.03256752,-94836300404.2151,0,1,4379868.91340807
"377",-2537286.46351198,17902038543903.5,0.562832161837819,2,9693563.2287402,150853.208718587,-252217.673147882,-0.00864722607326644,19,43578740.5928137,-1035188.03256752,-94836300404.2151,0,1,4379868.91340807
"378",-2537286.46351198,17902038543903.5,0.562832161837819,2,9693563.2287402,151039.805925026,-253169.643438653,0.00573651330006679,20,45887864.851844,-1035188.03256752,-94836300404.2151,0,1,4379868.91340807
"379",-2537286.46351198,17902038543903.5,0.562832161837819,2,9693563.2287402,151085.64846306,-253373.973881981,-0.00648967551622419,20,45887773.166768,-1035188.03256752,-94836300404.2151,0,1,4379868.91340807
"380",-2537286.46351198,17902038543903.5,0.562832161837819,2,9693563.2287402,150838.441027029,-251077.394488806,-0.00706215795119125,20,45888267.58164,-1035188.03256752,-94836300404.2151,0,1,4379868.91340807
"381",-2537286.46351198,17902038543903.5,0.562832161837819,2,9693563.2287402,151083.210384961,-254030.817617095,-0.00530973451327434,20,45887778.0429242,-1035188.03256752,-94836300404.2151,0,1,4379868.91340807
"382",-2536804.17904189,17902031885477.4,0.521953836202136,3,12002096.1132432,150777.208733749,-254026.456964823,0.0137211211445995,20,45888390.0462266,-1035188.03256752,-94836300404.2151,0,1,4379868.91340807
"383",-2536874.2545452,17902031930824.9,0.521953836202136,3,12002236.2642499,150765.965918317,-253136.577701551,0.00316641257183066,20,45888412.5318575,-1035188.03256752,-94836300404.2151,0,1,4379868.91340807
"384",-2537286.46351198,17902038543903.5,0.562832161837819,2,9693563.2287402,150500.52534404,-254405.530413388,0.00062230173855548,20,45888943.413006,-1035188.03256752,-94836300404.2151,0,1,4379868.91340807
"385",-2537286.46351198,17902038543903.5,0.562832161837819,2,9693563.2287402,151008.377409045,-254415.243233985,-0.00681816396584633,20,45887927.708876,-1035188.03256752,-94836300404.2151,0,1,4379868.91340807
"386",-2536590.4483049,17902031646024.9,0.48851957488169,3,12001668.6517693,150589.385899856,-252671.433672449,-0.00529141761675798,20,45888765.6918944,-1035188.03256752,-94836300404.2151,0,1,4379868.91340807
"387",-2537286.46351198,17902038543903.5,0.562832161837819,2,9693563.2287402,150781.828249331,-251778.21512994,-0.00545157329120161,20,45888380.8071954,-1035188.03256752,-94836300404.2151,0,1,4379868.91340807
"388",-2537286.46351198,17902038543903.5,0.562832161837819,2,9693563.2287402,150855.962973656,-252905.713876439,-0.00550521938651652,20,45888232.5377468,-1035188.03256752,-94836300404.2151,0,1,4379868.91340807
"389",-2537286.46351198,17902038543903.5,0.562832161837819,2,9693563.2287402,150841.08159963,-255272.212079451,-0.005887741440461,20,45888262.3004948,-1035188.03256752,-94836300404.2151,0,1,4379868.91340807
"390",-2536090.47913908,17902031431304.7,0.436135845149042,3,12000668.7134376,150921.096159357,-249491.418848359,0.00620192722340266,20,45888102.2713754,-1035188.03256752,-94836300404.2151,0,1,4379868.91340807
"391",-2537286.46351198,17902038543903.5,0.562832161837819,2,9693563.2287402,150826.371652362,-250338.881061424,-0.00979264025550103,20,45888291.7203894,-1035188.03256752,-94836300404.2151,0,1,4379868.91340807
"392",-2537286.46351198,17902038543903.5,0.562832161837819,2,9693563.2287402,150738.554943358,-250781.436732623,0.0082605875411271,19,43578969.9003642,-1035188.03256752,-94836300404.2151,0,1,4379868.91340807
"393",-2537286.46351198,17902038543903.5,0.562832161837819,2,9693563.2287402,150800.710314665,-253813.438075346,-0.0152502719071056,20,45888343.0430648,-1035188.03256752,-94836300404.2151,0,1,4379868.91340807
"394",-2536996.37898298,17902032210747.1,0.534778941412533,3,12002480.5131254,150858.570249193,-253019.777990528,0.0148506708649576,20,45888227.3231957,-1035188.03256752,-94836300404.2151,0,1,4379868.91340807
"395",-2536996.37898298,17902032210747.1,0.534778941412533,3,12002480.5131254,150826.359108791,-250496.397934175,0.0066458445858676,20,45888291.7454765,-1035188.03256752,-94836300404.2151,0,1,4379868.91340807
"396",-2537286.46351198,17902038543903.5,0.562832161837819,2,9693563.2287402,150720.379352094,-250670.991718762,0.000843862075431892,19,43579006.2515467,-1035188.03256752,-94836300404.2151,0,1,4379868.91340807
"397",-2536392.37097829,17902031533443.5,0.470604253319736,3,12001272.497116,150977.680130152,-251945.469777719,-0.0138556344938572,20,45887989.1034338,-1035188.03256752,-94836300404.2151,0,1,4379868.91340807
"398",-2537286.46351198,17902038543903.5,0.562832161837819,2,9693563.2287402,150828.526759314,-251165.048638114,-0.000782625709254555,20,45888287.4101755,-1035188.03256752,-94836300404.2151,0,1,4379868.91340807
"399",-2537286.46351198,17902038543903.5,0.562832161837819,2,9693563.2287402,150807.582596291,-249749.467132418,0.00431833650167806,20,45888329.2985015,-1035188.03256752,-94836300404.2151,0,1,4379868.91340807
"400",-2537286.46351198,17902038543903.5,0.562832161837819,2,9693563.2287402,150851.036141469,-253520.141930536,-0.00667987501664096,20,45888242.3914112,-1035188.03256752,-94836300404.2151,0,1,4379868.91340807
"401",-2537191.2732316,17902032920997.1,0.548412006866433,3,12002870.3016227,150707.386202283,-252163.774333946,-0.00068703303223591,20,45888529.6912895,-1035188.03256752,-94836300404.2151,0,1,4379868.91340807
"402",-2537286.46351198,17902038543903.5,0.562832161837819,2,9693563.2287402,150970.349679129,-252131.571067028,0.0104857508378397,20,45888003.7643358,-1035188.03256752,-94836300404.2151,0,1,4379868.91340807
"403",-2537286.46351198,17902038543903.5,0.562832161837819,2,9693563.2287402,150368.061832135,-251602.357462943,0.00111698042957205,20,45889208.3400298,-1035188.03256752,-94836300404.2151,0,1,4379868.91340807
"404",-2536961.09148405,17902032264342.1,0.534778941412533,3,12002409.9381276,150656.058755286,-253529.549858872,-0.00300394023329302,20,45888632.3461835,-1035188.03256752,-94836300404.2151,0,1,4379868.91340807
"405",-2536287.72854022,17902025972992.4,0.467283426061024,4,14310560.6656831,150790.487835736,-252995.925075713,0.00158776094420937,20,45888363.4880226,-1035188.03256752,-94836300404.2151,0,1,4379868.91340807
"406",-2536996.37898298,17902032210747.1,0.534778941412533,3,12002480.5131254,151042.363873444,-251139.711389306,0.0108387238758459,20,45887859.7359472,-1035188.03256752,-94836300404.2151,0,1,4379868.91340807
"407",-2537286.46351198,17902038543903.5,0.562832161837819,2,9693563.2287402,150964.126298638,-253665.817433966,-0.00952821969845618,20,45888016.2110968,-1035188.03256752,-94836300404.2151,0,1,4379868.91340807
"408",-2537286.46351198,17902038543903.5,0.562832161837819,2,9693563.2287402,150836.463533859,-253439.78731248,-0.0082365744619215,20,45888271.5366264,-1035188.03256752,-94836300404.2151,0,1,4379868.91340807
"409",-2537286.46351198,17902038543903.5,0.562832161837819,2,9693563.2287402,150920.437670149,-253677.239769871,-0.00635219385954594,20,45888103.5883538,-1035188.03256752,-94836300404.2151,0,1,4379868.91340807
"410",-2537286.46351198,17902038543903.5,0.562832161837819,2,9693563.2287402,150982.783170794,-252009.823923213,-0.00208030772853947,20,45887978.8973525,-1035188.03256752,-94836300404.2151,0,1,4379868.91340807
"411",-2537286.46351198,17902038543903.5,0.562832161837819,2,9693563.2287402,150781.330326711,-254369.222999528,-0.0089712404089071,20,45888381.8030407,-1035188.03256752,-94836300404.2151,0,1,4379868.91340807
"412",-2536223.34514697,17902031460703.3,0.445780022265606,3,12000934.4454534,150929.815040223,-253212.787600481,0.00109029014267897,20,45888084.8336136,-1035188.03256752,-94836300404.2151,0,1,4379868.91340807
"413",-2537286.46351198,17902038543903.5,0.562832161837819,2,9693563.2287402,150525.71875231,-250055.672400754,0.00410190150766285,19,43579395.5727463,-1035188.03256752,-94836300404.2151,0,1,4379868.91340807
"414",-2537286.46351198,17902038543903.5,0.562832161837819,2,9693563.2287402,150864.539608943,-253970.490475625,0.00310172239584557,20,45888215.3844762,-1035188.03256752,-94836300404.2151,0,1,4379868.91340807
"415",-2536853.93863934,17902031921628.2,0.521953836202136,3,12002195.6324381,150752.660131351,-252132.321984935,0.00357151230491493,20,45888439.1434314,-1035188.03256752,-94836300404.2151,0,1,4379868.91340807
"416",-2537286.46351198,17902038543903.5,0.562832161837819,2,9693563.2287402,150715.85134786,-254143.669608709,0.00983524595926849,20,45888512.7609984,-1035188.03256752,-94836300404.2151,0,1,4379868.91340807
"417",-2537286.46351198,17902038543903.5,0.562832161837819,2,9693563.2287402,150711.006409471,-253503.520329258,0.00631986813427181,20,45888522.4508752,-1035188.03256752,-94836300404.2151,0,1,4379868.91340807
"418",-2537286.46351198,17902038543903.5,0.562832161837819,2,9693563.2287402,150853.860146907,-253514.086887713,-0.00394764668562164,20,45888236.7434003,-1035188.03256752,-94836300404.2151,0,1,4379868.91340807
"419",-2537286.46351198,17902038543903.5,0.562832161837819,2,9693563.2287402,150809.27245812,-250532.597582875,0.0234818193910846,20,45888325.9187779,-1035188.03256752,-94836300404.2151,0,1,4379868.91340807
"420",-2537286.46351198,17902038543903.5,0.562832161837819,2,9693563.2287402,150855.531043896,-251632.274645947,-0.0137278087973876,20,45888233.4016063,-1035188.03256752,-94836300404.2151,0,1,4379868.91340807
"421",-2537286.46351198,17902038543903.5,0.562832161837819,2,9693563.2287402,150898.829294054,-250196.462954815,0.0054313324398674,20,45888146.805106,-1035188.03256752,-94836300404.2151,0,1,4379868.91340807
"422",-2537286.46351198,17902038543903.5,0.562832161837819,2,9693563.2287402,151001.424932718,-251721.38175419,0.00575655957214548,20,45887941.6138287,-1035188.03256752,-94836300404.2151,0,1,4379868.91340807
"423",-2536450.51265774,17902031661614.8,0.48851957488169,3,12001388.7804749,150831.250793853,-254465.529179406,-0.0141086570155728,20,45888281.9621064,-1035188.03256752,-94836300404.2151,0,1,4379868.91340807
"424",-2537286.46351198,17902038543903.5,0.562832161837819,2,9693563.2287402,151017.218962481,-254383.279345115,-0.0170410351898555,20,45887910.0257691,-1035188.03256752,-94836300404.2151,0,1,4379868.91340807
"425",-2537286.46351198,17902038543903.5,0.562832161837819,2,9693563.2287402,150634.328060211,-251603.704923051,-0.00142726783499848,20,45888675.8075737,-1035188.03256752,-94836300404.2151,0,1,4379868.91340807
"426",-2537063.98034088,17902032272492.7,0.534778941412533,3,12002615.7158412,151044.657305873,-253853.251265438,0.00376486492859332,20,45887855.1490823,-1035188.03256752,-94836300404.2151,0,1,4379868.91340807
"427",-2537286.46351198,17902038543903.5,0.562832161837819,2,9693563.2287402,151003.36861921,-253237.15091256,0.0018373259840294,20,45887937.7264557,-1035188.03256752,-94836300404.2151,0,1,4379868.91340807
"428",-2537286.46351198,17902038543903.5,0.562832161837819,2,9693563.2287402,150923.646865929,-253345.672967006,0.00423479590636395,20,45888097.1699622,-1035188.03256752,-94836300404.2151,0,1,4379868.91340807
"429",-2537286.46351198,17902038543903.5,0.562832161837819,2,9693563.2287402,150919.655617063,-253704.861269758,0.00423479590636395,20,45888105.15246,-1035188.03256752,-94836300404.2151,0,1,4379868.91340807
"430",-2537286.46351198,17902038543903.5,0.562832161837819,2,9693563.2287402,151005.428745527,-254098.164440235,-0.00799641810740964,20,45887933.606203,-1035188.03256752,-94836300404.2151,0,1,4379868.91340807
"431",-2537286.46351198,17902038543903.5,0.562832161837819,2,9693563.2287402,151017.620283676,-252337.090361197,0.0159568199495604,20,45887909.2231267,-1035188.03256752,-94836300404.2151,0,1,4379868.91340807
"432",-2537286.46351198,17902038543903.5,0.562832161837819,2,9693563.2287402,150898.366024173,-251592.471333307,0.013660624015424,20,45888147.7316457,-1035188.03256752,-94836300404.2151,0,1,4379868.91340807
"433",-2537286.46351198,17902038543903.5,0.562832161837819,2,9693563.2287402,150744.286531482,-250260.122161595,-0.0171498698517169,19,43578958.4371879,-1035188.03256752,-94836300404.2151,0,1,4379868.91340807
"434",-2537286.46351198,17902038543903.5,0.562832161837819,2,9693563.2287402,150654.47521803,-251185.240603409,-0.00417430655795263,20,45888635.513258,-1035188.03256752,-94836300404.2151,0,1,4379868.91340807
"435",-2536494.93143338,17902025405102.4,0.484293486064358,4,14310975.0714694,150637.371892972,-251723.557530699,-0.00648768353828279,20,45888669.7199081,-1035188.03256752,-94836300404.2151,0,1,4379868.91340807
"436",-2537286.46351198,17902038543903.5,0.562832161837819,2,9693563.2287402,150845.391326116,-252258.094604263,0.00154271439423009,20,45888253.6810419,-1035188.03256752,-94836300404.2151,0,1,4379868.91340807
"437",-2537286.46351198,17902038543903.5,0.562832161837819,2,9693563.2287402,151027.87078992,-252150.540074969,0.00614263159135005,20,45887888.7221143,-1035188.03256752,-94836300404.2151,0,1,4379868.91340807
"438",-2537286.46351198,17902038543903.5,0.562832161837819,2,9693563.2287402,150642.458411708,-250289.889097493,0.00401825771466469,18,41269664.6399843,-1035188.03256752,-94836300404.2151,0,1,4379868.91340807
"439",-2537286.46351198,17902038543903.5,0.562832161837819,2,9693563.2287402,150665.169468076,-252658.244596342,-0.00964577529089504,20,45888614.1247579,-1035188.03256752,-94836300404.2151,0,1,4379868.91340807
"440",-2537286.46351198,17902038543903.5,0.562832161837819,2,9693563.2287402,150768.469124927,-254612.094711472,-0.0046606557761634,20,45888407.5254442,-1035188.03256752,-94836300404.2151,0,1,4379868.91340807
"441",-2537286.46351198,17902038543903.5,0.562832161837819,2,9693563.2287402,150944.475617144,-254175.427578737,-0.00323231055286633,20,45888055.5124598,-1035188.03256752,-94836300404.2151,0,1,4379868.91340807
"442",-2536235.34702822,17902031409977.5,0.450581910557098,3,12000958.4492159,151097.318225415,-253990.883537237,-0.00610547683301993,20,45887749.8272433,-1035188.03256752,-94836300404.2151,0,1,4379868.91340807
"443",-2536662.96717522,17902031772478.4,0.498805924309898,3,12001813.6895099,150590.728754243,-251382.013421622,0.00210452472816555,19,43579265.5527424,-1035188.03256752,-94836300404.2151,0,1,4379868.91340807
"444",-2535875.84261308,17902025136225.2,0.422542761074022,4,14309736.8938288,150970.311523799,-253968.334975249,-0.0036417577760162,20,45888003.8406465,-1035188.03256752,-94836300404.2151,0,1,4379868.91340807
"445",-2537286.46351198,17902038543903.5,0.562832161837819,2,9693563.2287402,150736.198865324,-252748.493467569,-0.00463436935845636,20,45888472.0659634,-1035188.03256752,-94836300404.2151,0,1,4379868.91340807
"446",-2537286.46351198,17902038543903.5,0.562832161837819,2,9693563.2287402,150932.903645195,-250961.453644526,0.0128560111068406,19,43578581.2029605,-1035188.03256752,-94836300404.2151,0,1,4379868.91340807
"447",-2537286.46351198,17902038543903.5,0.562832161837819,2,9693563.2287402,150704.214802762,-253477.696260952,-0.0108463935155902,20,45888536.0340886,-1035188.03256752,-94836300404.2151,0,1,4379868.91340807
"448",-2537286.46351198,17902038543903.5,0.562832161837819,2,9693563.2287402,150962.356635538,-252324.272993841,0.00224470414642378,20,45888019.750423,-1035188.03256752,-94836300404.2151,0,1,4379868.91340807
"449",-2537286.46351198,17902038543903.5,0.562832161837819,2,9693563.2287402,150756.62420231,-251464.951265929,0.0109902994583017,20,45888431.2152895,-1035188.03256752,-94836300404.2151,0,1,4379868.91340807
"450",-2537191.2732316,17902032920997.1,0.548412006866433,3,12002870.3016227,151117.346109763,-253785.364840533,-0.00533660771210654,20,45887709.7714746,-1035188.03256752,-94836300404.2151,0,1,4379868.91340807
"451",-2536996.37898298,17902032210747.1,0.534778941412533,3,12002480.5131254,150821.322659394,-251036.690402583,-0.00509593030082428,19,43578804.3649321,-1035188.03256752,-94836300404.2151,0,1,4379868.91340807
"452",-2537147.22406381,17902032885918.7,0.548412006866433,3,12002782.2032871,150800.786843887,-251537.515274074,7.82466490871817e-06,20,45888342.8900063,-1035188.03256752,-94836300404.2151,0,1,4379868.91340807
"453",-2537286.46351198,17902038543903.5,0.562832161837819,2,9693563.2287402,150705.805279239,-252669.308394191,7.81036435349665e-05,20,45888532.8531356,-1035188.03256752,-94836300404.2151,0,1,4379868.91340807
"454",-2536889.44399333,17902032049057.1,0.521953836202136,3,12002266.6431461,150745.829216185,-254324.828847942,-0.00190727814212349,20,45888452.8052617,-1035188.03256752,-94836300404.2151,0,1,4379868.91340807
"455",-2537286.46351198,17902038543903.5,0.562832161837819,2,9693563.2287402,150383.013621284,-247567.914384694,0.0119551294492101,19,43579680.9830083,-1035188.03256752,-94836300404.2151,0,1,4379868.91340807
"456",-2537286.46351198,17902038543903.5,0.562832161837819,2,9693563.2287402,150770.537251754,-254318.403990499,-0.0140445264664253,20,45888403.3891906,-1035188.03256752,-94836300404.2151,0,1,4379868.91340807
"457",-2537286.46351198,17902038543903.5,0.562832161837819,2,9693563.2287402,150565.726707187,-250471.953260639,0.0142106287716566,19,43579315.5568365,-1035188.03256752,-94836300404.2151,0,1,4379868.91340807
"458",-2537286.46351198,17902038543903.5,0.562832161837819,2,9693563.2287402,150863.50521752,-253527.168640132,-0.00826511026675545,20,45888217.4532591,-1035188.03256752,-94836300404.2151,0,1,4379868.91340807
"459",-2536731.46228908,17902031863301.3,0.509956563732036,3,12001950.6797376,151074.835974473,-252531.193730943,-0.000975218441066136,20,45887794.7917451,-1035188.03256752,-94836300404.2151,0,1,4379868.91340807
"460",-2537286.46351198,17902038543903.5,0.562832161837819,2,9693563.2287402,151064.797871072,-253910.980604539,-0.00489868451056402,20,45887814.867952,-1035188.03256752,-94836300404.2151,0,1,4379868.91340807
"461",-2537286.46351198,17902038543903.5,0.562832161837819,2,9693563.2287402,150824.324410765,-253307.71966249,-0.000782625709254555,20,45888295.8148726,-1035188.03256752,-94836300404.2151,0,1,4379868.91340807
"462",-2537286.46351198,17902038543903.5,0.562832161837819,2,9693563.2287402,150871.902027801,-253340.563771651,0.00348623134474519,20,45888200.6596385,-1035188.03256752,-94836300404.2151,0,1,4379868.91340807
"463",-2537286.46351198,17902038543903.5,0.562832161837819,2,9693563.2287402,151018.956136129,-255017.401487665,-0.00407759209937068,20,45887906.5514218,-1035188.03256752,-94836300404.2151,0,1,4379868.91340807
"464",-2537286.46351198,17902038543903.5,0.562832161837819,2,9693563.2287402,151119.81091682,-253874.174360135,-0.00533660771210654,20,45887704.8418605,-1035188.03256752,-94836300404.2151,0,1,4379868.91340807
"465",-2537286.46351198,17902038543903.5,0.562832161837819,2,9693563.2287402,151021.410215618,-253294.307872452,-0.00054210762014754,20,45887901.6432629,-1035188.03256752,-94836300404.2151,0,1,4379868.91340807
"466",-2536213.32887789,17902031512580.4,0.456326504350996,3,12000914.4129152,150978.162065576,-254236.935738182,0.0120500843898418,20,45887988.1395629,-1035188.03256752,-94836300404.2151,0,1,4379868.91340807
"467",-2537286.46351198,17902038543903.5,0.562832161837819,2,9693563.2287402,150881.931353273,-254358.36145327,0.00152014982095143,20,45888180.6009875,-1035188.03256752,-94836300404.2151,0,1,4379868.91340807
"468",-2537286.46351198,17902038543903.5,0.562832161837819,2,9693563.2287402,150949.034794589,-250380.734652488,0.00853581039203533,20,45888046.3941049,-1035188.03256752,-94836300404.2151,0,1,4379868.91340807
"469",-2537286.46351198,17902038543903.5,0.562832161837819,2,9693563.2287402,150862.920745741,-252832.606540794,-0.00159785699179923,20,45888218.6222026,-1035188.03256752,-94836300404.2151,0,1,4379868.91340807
"470",-2537286.46351198,17902038543903.5,0.562832161837819,2,9693563.2287402,150480.395205346,-250708.830318271,0.00569175861345027,20,45888983.6732834,-1035188.03256752,-94836300404.2151,0,1,4379868.91340807
"471",-2537286.46351198,17902038543903.5,0.562832161837819,2,9693563.2287402,150866.188111142,-251452.541767616,-0.0106153785890556,19,43578714.6340286,-1035188.03256752,-94836300404.2151,0,1,4379868.91340807
"472",-2537286.46351198,17902038543903.5,0.562832161837819,2,9693563.2287402,150879.192703344,-253397.775020769,-0.00553209161645209,20,45888186.0782874,-1035188.03256752,-94836300404.2151,0,1,4379868.91340807
"473",-2537286.46351198,17902038543903.5,0.562832161837819,2,9693563.2287402,151003.825271152,-253990.959943098,0.0187147086772479,20,45887936.8131518,-1035188.03256752,-94836300404.2151,0,1,4379868.91340807
"474",-2537286.46351198,17902038543903.5,0.562832161837819,2,9693563.2287402,151111.180674138,-253043.425612649,0.0167069322358015,20,45887722.1023458,-1035188.03256752,-94836300404.2151,0,1,4379868.91340807
"475",-2536946.02523357,17902032117871.5,0.534778941412533,3,12002379.8056266,150998.220649551,-247788.288597856,0.0038073556541194,20,45887948.022395,-1035188.03256752,-94836300404.2151,0,1,4379868.91340807
"476",-2537063.98034088,17902032272492.7,0.534778941412533,3,12002615.7158412,150575.513883629,-251179.102883077,0.00134011702649847,19,43579295.9824836,-1035188.03256752,-94836300404.2151,0,1,4379868.91340807
"477",-2537063.98034088,17902032272492.7,0.534778941412533,3,12002615.7158412,150925.194221059,-252998.75851824,-0.00870485825197036,20,45888094.075252,-1035188.03256752,-94836300404.2151,0,1,4379868.91340807
"478",-2537286.46351198,17902038543903.5,0.562832161837819,2,9693563.2287402,150902.064724013,-252733.810746652,-0.00123856483259777,20,45888140.3342461,-1035188.03256752,-94836300404.2151,0,1,4379868.91340807
"479",-2537286.46351198,17902038543903.5,0.562832161837819,2,9693563.2287402,150617.087833885,-253700.807763299,0.0141811349585636,20,45888710.2880263,-1035188.03256752,-94836300404.2151,0,1,4379868.91340807
"480",-2537286.46351198,17902038543903.5,0.562832161837819,2,9693563.2287402,150931.328545566,-251072.107091634,0.0124691212798494,20,45888081.806603,-1035188.03256752,-94836300404.2151,0,1,4379868.91340807
"481",-2536833.53292269,17902031965907.3,0.521953836202136,3,12002154.8210048,150792.906861352,-252774.163029519,-0.00272242953366659,20,45888358.6499714,-1035188.03256752,-94836300404.2151,0,1,4379868.91340807
"482",-2536419.9090281,17902031595937.9,0.470604253319736,3,12001327.5732157,150770.501033309,-252712.305427177,0.00237724724153302,20,45888403.4616275,-1035188.03256752,-94836300404.2151,0,1,4379868.91340807
"483",-2536273.12997969,17902031548868.1,0.463004286333499,3,12001034.0151188,150876.835594079,-251652.204677352,0.00348623134474519,20,45888190.7925059,-1035188.03256752,-94836300404.2151,0,1,4379868.91340807
"484",-2537286.46351198,17902038543903.5,0.562832161837819,2,9693563.2287402,150652.218017554,-248547.380381094,0.0110404556626224,20,45888640.027659,-1035188.03256752,-94836300404.2151,0,1,4379868.91340807
"485",-2537191.2732316,17902032920997.1,0.548412006866433,3,12002870.3016227,150768.805462639,-253768.782732533,0.00903013955670224,20,45888406.8527688,-1035188.03256752,-94836300404.2151,0,1,4379868.91340807
"486",-2536636.59368569,17902031632878.7,0.48851957488169,3,12001760.9425308,150445.941426625,-248087.727927446,-0.000901608126909108,19,43579555.1273976,-1035188.03256752,-94836300404.2151,0,1,4379868.91340807
"487",-2537286.46351198,17902038543903.5,0.562832161837819,2,9693563.2287402,150937.363555307,-254093.467075411,-0.00440912264735649,20,45888069.7365835,-1035188.03256752,-94836300404.2151,0,1,4379868.91340807
"488",-2536361.59370385,17902031525965.1,0.463004286333499,3,12001210.9425672,150929.400001609,-252435.079999118,-0.00517586166333373,20,45888085.6636909,-1035188.03256752,-94836300404.2151,0,1,4379868.91340807
"489",-2537286.46351198,17902038543903.5,0.562832161837819,2,9693563.2287402,150765.318018322,-252130.079127948,-0.00152456901606661,20,45888413.8276575,-1035188.03256752,-94836300404.2151,0,1,4379868.91340807
"490",-2537286.46351198,17902038543903.5,0.562832161837819,2,9693563.2287402,150910.888980465,-249472.411033597,0.00111314054575243,20,45888122.6857332,-1035188.03256752,-94836300404.2151,0,1,4379868.91340807
"491",-2536730.90902341,17902031886180.3,0.509956563732036,3,12001949.5732063,150943.808364878,-253688.357509175,-0.00911637102531715,20,45888056.8469643,-1035188.03256752,-94836300404.2151,0,1,4379868.91340807
"492",-2537286.46351198,17902038543903.5,0.562832161837819,2,9693563.2287402,150680.961785334,-252846.322025368,0.00595567975146941,20,45888582.5401234,-1035188.03256752,-94836300404.2151,0,1,4379868.91340807
"493",-2536493.85007036,17902031620818.9,0.47911396113061,3,12001475.4553002,150718.063222973,-253474.831635,-0.00422626534071823,20,45888508.3372482,-1035188.03256752,-94836300404.2151,0,1,4379868.91340807
"494",-2537286.46351198,17902038543903.5,0.562832161837819,2,9693563.2287402,150847.228249948,-253290.800488031,0.00154271439423009,20,45888250.0071942,-1035188.03256752,-94836300404.2151,0,1,4379868.91340807
"495",-2537286.46351198,17902038543903.5,0.562832161837819,2,9693563.2287402,151130.56385082,-253212.691278431,0.00449531967155038,20,45887683.3359925,-1035188.03256752,-94836300404.2151,0,1,4379868.91340807
"496",-2537286.46351198,17902038543903.5,0.562832161837819,2,9693563.2287402,150830.245301889,-253957.37510808,0.00194913463119085,20,45888283.9730903,-1035188.03256752,-94836300404.2151,0,1,4379868.91340807
"497",-2536867.96166227,17902031957545,0.521953836202136,3,12002223.678484,150910.077402465,-250768.944662147,0.00267365004194729,20,45888124.3088892,-1035188.03256752,-94836300404.2151,0,1,4379868.91340807
"498",-2537286.46351198,17902038543903.5,0.562832161837819,2,9693563.2287402,150890.957913667,-251169.438725753,0.00190449319320026,20,45888162.5478668,-1035188.03256752,-94836300404.2151,0,1,4379868.91340807
"499",-2537286.46351198,17902038543903.5,0.562832161837819,2,9693563.2287402,150834.878945539,-252158.270321732,-0.00706215795119125,20,45888274.705803,-1035188.03256752,-94836300404.2151,0,1,4379868.91340807
"500",-2537286.46351198,17902038543903.5,0.562832161837819,2,9693563.2287402,150747.12834439,-252284.829014426,5.47058777558088e-05,20,45888450.2070053,-1035188.03256752,-94836300404.2151,0,1,4379868.91340807
"501",-2537286.46351198,17902038543903.5,0.562832161837819,2,9693563.2287402,150822.550115781,-251413.746998657,-0.0133151727215086,20,45888299.3634625,-1035188.03256752,-94836300404.2151,0,1,4379868.91340807
"502",-2536499.76208282,17902031622587.1,0.47911396113061,3,12001487.2793251,150832.705068718,-251409.573964961,0.0313035718479205,20,45888279.0535567,-1035188.03256752,-94836300404.2151,0,1,4379868.91340807
"503",-2536290.9334602,17902031479676.5,0.450581910557098,3,12001069.6220799,151106.264582225,-254458.583802627,-0.00926239248306092,20,45887731.9345296,-1035188.03256752,-94836300404.2151,0,1,4379868.91340807
"504",-2537147.22406381,17902032885918.7,0.548412006866433,3,12002782.2032871,150811.217653971,-250920.879989511,0.00470262361014389,20,45888322.0283862,-1035188.03256752,-94836300404.2151,0,1,4379868.91340807
"505",-2536387.9483705,17902031575612,0.470604253319736,3,12001263.6519005,150760.92958612,-251898.138191231,-0.0132520229858098,20,45888422.6045219,-1035188.03256752,-94836300404.2151,0,1,4379868.91340807
"506",-2536180.00062487,17902031439211.1,0.441928831792558,3,12000847.7564092,150908.824997577,-254903.809427914,-0.00203071953332655,20,45888126.8136989,-1035188.03256752,-94836300404.2151,0,1,4379868.91340807
"507",-2537286.46351198,17902038543903.5,0.562832161837819,2,9693563.2287402,151083.277183687,-254761.959710368,-0.00294985250737463,20,45887777.9093267,-1035188.03256752,-94836300404.2151,0,1,4379868.91340807
"508",-2536917.23681048,17902032071392.6,0.534778941412533,3,12002322.2287804,150870.469522657,-253060.292138398,0.00545151208966798,20,45888203.5246488,-1035188.03256752,-94836300404.2151,0,1,4379868.91340807
"509",-2537286.46351198,17902038543903.5,0.562832161837819,2,9693563.2287402,151003.770399415,-252260.725243559,0.00222251890711756,20,45887936.9228953,-1035188.03256752,-94836300404.2151,0,1,4379868.91340807
"510",-2537286.46351198,17902038543903.5,0.562832161837819,2,9693563.2287402,150852.827406091,-254545.626362696,-0.00512254153253284,20,45888238.8088819,-1035188.03256752,-94836300404.2151,0,1,4379868.91340807
"511",-2537286.46351198,17902038543903.5,0.562832161837819,2,9693563.2287402,150803.440007799,-254282.489006804,0.0105711222916879,20,45888337.5836785,-1035188.03256752,-94836300404.2151,0,1,4379868.91340807
"512",-2536961.09148405,17902032264342.1,0.534778941412533,3,12002409.9381276,150916.002388577,-252078.205250557,-0.0110575226443948,19,43578615.0054737,-1035188.03256752,-94836300404.2151,0,1,4379868.91340807
"513",-2537286.46351198,17902038543903.5,0.562832161837819,2,9693563.2287402,150767.321855032,-251319.414984381,0.00199366717485634,20,45888409.819984,-1035188.03256752,-94836300404.2151,0,1,4379868.91340807
"514",-2537286.46351198,17902038543903.5,0.562832161837819,2,9693563.2287402,150606.813477198,-246718.036026513,0.0118423001660573,18,41269735.9298533,-1035188.03256752,-94836300404.2151,0,1,4379868.91340807
"515",-2537286.46351198,17902038543903.5,0.562832161837819,2,9693563.2287402,151009.775559788,-253525.917916416,0.00142961502509682,20,45887924.9125745,-1035188.03256752,-94836300404.2151,0,1,4379868.91340807
"516",-2537286.46351198,17902038543903.5,0.562832161837819,2,9693563.2287402,150848.005246286,-249941.864408906,-0.0113784975371387,19,43578750.9997583,-1035188.03256752,-94836300404.2151,0,1,4379868.91340807
"517",-2537286.46351198,17902038543903.5,0.562832161837819,2,9693563.2287402,150664.673655576,-249364.430191771,-0.00104531519373435,20,45888615.1163829,-1035188.03256752,-94836300404.2151,0,1,4379868.91340807
"518",-2537286.46351198,17902038543903.5,0.562832161837819,2,9693563.2287402,150752.363981362,-254552.123248758,-0.0159773627971328,20,45888439.7357314,-1035188.03256752,-94836300404.2151,0,1,4379868.91340807
"519",-2537286.46351198,17902038543903.5,0.562832161837819,2,9693563.2287402,150906.389960453,-252164.149947037,-0.00829368096764837,20,45888131.6837732,-1035188.03256752,-94836300404.2151,0,1,4379868.91340807
"520",-2537286.46351198,17902038543903.5,0.562832161837819,2,9693563.2287402,150635.371716225,-249768.758850124,-0.00531802905421738,20,45888673.7202616,-1035188.03256752,-94836300404.2151,0,1,4379868.91340807
"521",-2537286.46351198,17902038543903.5,0.562832161837819,2,9693563.2287402,150563.808192011,-248539.248695552,0.018099829437924,19,43579319.3938669,-1035188.03256752,-94836300404.2151,0,1,4379868.91340807
"522",-2536917.23681048,17902032071392.6,0.534778941412533,3,12002322.2287804,151074.993768637,-254506.680681038,-0.0163113148933158,20,45887794.4761568,-1035188.03256752,-94836300404.2151,0,1,4379868.91340807
"523",-2537286.46351198,17902038543903.5,0.562832161837819,2,9693563.2287402,150848.381132444,-253281.807770039,-0.0102038419070143,20,45888247.7014292,-1035188.03256752,-94836300404.2151,0,1,4379868.91340807
"524",-2537286.46351198,17902038543903.5,0.562832161837819,2,9693563.2287402,150907.493650517,-251025.948253677,0.00228899323492753,20,45888129.4763931,-1035188.03256752,-94836300404.2151,0,1,4379868.91340807
"525",-2537286.46351198,17902038543903.5,0.562832161837819,2,9693563.2287402,150594.88164665,-250331.896649304,0.00446355542053235,20,45888754.7004008,-1035188.03256752,-94836300404.2151,0,1,4379868.91340807
"526",-2537286.46351198,17902038543903.5,0.562832161837819,2,9693563.2287402,150957.568407084,-251981.574542877,0.0053908990324631,20,45888029.3268799,-1035188.03256752,-94836300404.2151,0,1,4379868.91340807
"527",-2537286.46351198,17902038543903.5,0.562832161837819,2,9693563.2287402,151000.460449328,-254317.79907802,0.00575655957214548,20,45887943.5427954,-1035188.03256752,-94836300404.2151,0,1,4379868.91340807
"528",-2537286.46351198,17902038543903.5,0.562832161837819,2,9693563.2287402,151110.642615845,-252718.505861054,-0.00926239248306092,20,45887723.1784624,-1035188.03256752,-94836300404.2151,0,1,4379868.91340807
"529",-2537286.46351198,17902038543903.5,0.562832161837819,2,9693563.2287402,151020.630889125,-254446.658755757,-0.0135055507106324,20,45887903.2019158,-1035188.03256752,-94836300404.2151,0,1,4379868.91340807
"530",-2536961.09148405,17902032264342.1,0.534778941412533,3,12002409.9381276,150602.107296283,-251254.700397619,0.00678124634631123,20,45888740.2491015,-1035188.03256752,-94836300404.2151,0,1,4379868.91340807
"531",-2537286.46351198,17902038543903.5,0.562832161837819,2,9693563.2287402,151124.628482014,-255048.096481398,-0.015580100928193,20,45887695.2067301,-1035188.03256752,-94836300404.2151,0,1,4379868.91340807
"532",-2537286.46351198,17902038543903.5,0.562832161837819,2,9693563.2287402,150954.644618103,-251924.34199477,0.00421384684196897,20,45888035.1744579,-1035188.03256752,-94836300404.2151,0,1,4379868.91340807
"533",-2537286.46351198,17902038543903.5,0.562832161837819,2,9693563.2287402,150831.196992593,-253510.261967554,-0.00744428527816265,20,45888282.0697089,-1035188.03256752,-94836300404.2151,0,1,4379868.91340807
"534",-2536470.42076919,17902031669293,0.48851957488169,3,12001428.5966978,150995.882688835,-253942.884726043,-0.00248953531291966,20,45887952.6983164,-1035188.03256752,-94836300404.2151,0,1,4379868.91340807
"535",-2537029.86143815,17902032298214.5,0.534778941412533,3,12002547.4780358,150943.391720239,-254005.351626343,0.0108894345810157,20,45888057.6802536,-1035188.03256752,-94836300404.2151,0,1,4379868.91340807
"536",-2537286.46351198,17902038543903.5,0.562832161837819,2,9693563.2287402,150700.361573417,-250234.081346144,-0.00226500566251416,19,43579046.287104,-1035188.03256752,-94836300404.2151,0,1,4379868.91340807
"537",-2536014.63214322,17902025826504,0.42838146820828,4,14310014.4728891,150776.888313212,-252569.598126465,0.00706918258666396,20,45888390.6870677,-1035188.03256752,-94836300404.2151,0,1,4379868.91340807
"538",-2537286.46351198,17902038543903.5,0.562832161837819,2,9693563.2287402,150597.297835521,-247377.30679568,0.0243189524143575,19,43579252.4145798,-1035188.03256752,-94836300404.2151,0,1,4379868.91340807
"539",-2537286.46351198,17902038543903.5,0.562832161837819,2,9693563.2287402,150577.449438863,-251771.64505619,-0.00684082993759107,19,43579292.1113732,-1035188.03256752,-94836300404.2151,0,1,4379868.91340807
"540",-2537286.46351198,17902038543903.5,0.562832161837819,2,9693563.2287402,150931.064903164,-251466.924762475,0.0207034466533349,20,45888082.3338878,-1035188.03256752,-94836300404.2151,0,1,4379868.91340807
"541",-2537286.46351198,17902038543903.5,0.562832161837819,2,9693563.2287402,150818.385338114,-250513.709650258,0.0105711222916879,20,45888307.6930179,-1035188.03256752,-94836300404.2151,0,1,4379868.91340807
"542",-2537286.46351198,17902038543903.5,0.562832161837819,2,9693563.2287402,150601.655282591,-247952.729917038,-0.000233836080907287,19,43579243.6996857,-1035188.03256752,-94836300404.2151,0,1,4379868.91340807
"543",-2536996.37898298,17902032210747.1,0.534778941412533,3,12002480.5131254,150958.986763385,-253929.365463898,0.00656795122295722,20,45888026.4901673,-1035188.03256752,-94836300404.2151,0,1,4379868.91340807
"544",-2537286.46351198,17902038543903.5,0.562832161837819,2,9693563.2287402,151054.02779279,-251820.473321945,-0.00882054668521969,20,45887836.4081085,-1035188.03256752,-94836300404.2151,0,1,4379868.91340807
"545",-2537286.46351198,17902038543903.5,0.562832161837819,2,9693563.2287402,150915.878748582,-250778.176715396,0.00267365004194729,20,45888112.7061969,-1035188.03256752,-94836300404.2151,0,1,4379868.91340807
"546",-2536770.79071437,17902031848570.4,0.509956563732036,3,12002029.3365882,150946.69327978,-252295.283297383,-0.0161772435922581,20,45888051.0771345,-1035188.03256752,-94836300404.2151,0,1,4379868.91340807
"547",-2537286.46351198,17902038543903.5,0.562832161837819,2,9693563.2287402,150994.033616019,-249881.777734324,0.0038073556541194,20,45887956.3964621,-1035188.03256752,-94836300404.2151,0,1,4379868.91340807
"548",-2537286.46351198,17902038543903.5,0.562832161837819,2,9693563.2287402,150741.143326484,-251194.822161957,-0.00346210054940332,20,45888462.1770411,-1035188.03256752,-94836300404.2151,0,1,4379868.91340807
"549",-2536127.05860482,17902031378774.1,0.439034773377593,3,12000741.8723691,150733.893071927,-251607.666060009,0.0113921380183306,20,45888476.6775502,-1035188.03256752,-94836300404.2151,0,1,4379868.91340807
"550",-2536186.03132203,17902031476780.5,0.450581910557098,3,12000859.8178035,150904.302832125,-251613.461138713,-0.00359027021094797,20,45888135.8580298,-1035188.03256752,-94836300404.2151,0,1,4379868.91340807
"551",-2537286.46351198,17902038543903.5,0.562832161837819,2,9693563.2287402,150783.873323818,-253795.156238556,0.00158776094420937,20,45888376.7170465,-1035188.03256752,-94836300404.2151,0,1,4379868.91340807
"552",-2537286.46351198,17902038543903.5,0.562832161837819,2,9693563.2287402,150865.11090864,-254746.604959173,-0.0141407810725058,20,45888214.2418768,-1035188.03256752,-94836300404.2151,0,1,4379868.91340807
"553",-2537286.46351198,17902038543903.5,0.562832161837819,2,9693563.2287402,150685.727197481,-251472.654959585,0.0106390452178936,20,45888573.0092991,-1035188.03256752,-94836300404.2151,0,1,4379868.91340807
"554",-2537286.46351198,17902038543903.5,0.562832161837819,2,9693563.2287402,150917.17635649,-251919.349859988,0.025019405524498,20,45888110.1109811,-1035188.03256752,-94836300404.2151,0,1,4379868.91340807
"555",-2537286.46351198,17902038543903.5,0.562832161837819,2,9693563.2287402,150732.096180908,-253586.291576171,-0.0108764445277888,20,45888480.2713323,-1035188.03256752,-94836300404.2151,0,1,4379868.91340807
"556",-2536889.44399333,17902032049057.1,0.521953836202136,3,12002266.6431461,150919.829968152,-253394.688734819,-0.0016468650746971,20,45888104.8037578,-1035188.03256752,-94836300404.2151,0,1,4379868.91340807
"557",-2537286.46351198,17902038543903.5,0.562832161837819,2,9693563.2287402,150882.501943418,-249750.12300096,0.00504627053965319,20,45888179.4598073,-1035188.03256752,-94836300404.2151,0,1,4379868.91340807
"558",-2537191.2732316,17902032920997.1,0.548412006866433,3,12002870.3016227,150967.539451668,-254674.091826672,-0.00599634254499219,20,45888009.3847908,-1035188.03256752,-94836300404.2151,0,1,4379868.91340807
"559",-2536347.17394516,17902031508778.3,0.463004286333499,3,12001182.1030498,150778.225593792,-253702.476239454,-0.00817960728501161,20,45888388.0125065,-1035188.03256752,-94836300404.2151,0,1,4379868.91340807
"560",-2536867.96166227,17902031957545,0.521953836202136,3,12002223.678484,150871.229619406,-253526.245954138,-0.012171910614,20,45888202.0044553,-1035188.03256752,-94836300404.2151,0,1,4379868.91340807
"561",-2537286.46351198,17902038543903.5,0.562832161837819,2,9693563.2287402,150963.466853679,-254679.426072209,-0.0142373892364082,20,45888017.5299867,-1035188.03256752,-94836300404.2151,0,1,4379868.91340807
"562",-2537286.46351198,17902038543903.5,0.562832161837819,2,9693563.2287402,150821.32837441,-253090.162066853,0.0109567599295637,20,45888301.8069453,-1035188.03256752,-94836300404.2151,0,1,4379868.91340807
"563",-2537286.46351198,17902038543903.5,0.562832161837819,2,9693563.2287402,150967.472874834,-249906.383487888,-0.00599634254499219,20,45888009.5179444,-1035188.03256752,-94836300404.2151,0,1,4379868.91340807
"564",-2537286.46351198,17902038543903.5,0.562832161837819,2,9693563.2287402,150650.974431778,-251942.000583231,0.00752935668864355,20,45888642.5148305,-1035188.03256752,-94836300404.2151,0,1,4379868.91340807
"565",-2537286.46351198,17902038543903.5,0.562832161837819,2,9693563.2287402,150840.505486311,-251476.152122506,0.000368058764105655,19,43578765.9992783,-1035188.03256752,-94836300404.2151,0,1,4379868.91340807
"566",-2537286.46351198,17902038543903.5,0.562832161837819,2,9693563.2287402,150925.199571116,-253200.819688272,0.00423479590636395,20,45888094.0645519,-1035188.03256752,-94836300404.2151,0,1,4379868.91340807
"567",-2537286.46351198,17902038543903.5,0.562832161837819,2,9693563.2287402,151036.02228654,-253455.708687817,0.00927272012887509,20,45887872.419121,-1035188.03256752,-94836300404.2151,0,1,4379868.91340807
"568",-2537286.46351198,17902038543903.5,0.562832161837819,2,9693563.2287402,150165.855315522,-251674.762811659,-0.000285906361802914,19,43580115.2996198,-1035188.03256752,-94836300404.2151,0,1,4379868.91340807
"569",-2537286.46351198,17902038543903.5,0.562832161837819,2,9693563.2287402,150468.46667507,-248624.602461056,0.00102638270078611,19,43579510.0769007,-1035188.03256752,-94836300404.2151,0,1,4379868.91340807
"570",-2537286.46351198,17902038543903.5,0.562832161837819,2,9693563.2287402,150984.116403569,-252776.043512659,-0.00443537308160301,20,45887976.230887,-1035188.03256752,-94836300404.2151,0,1,4379868.91340807
"571",-2537286.46351198,17902038543903.5,0.562832161837819,2,9693563.2287402,150970.991014945,-251581.509900495,0.00145229030105586,19,43578505.028221,-1035188.03256752,-94836300404.2151,0,1,4379868.91340807
"572",-2537286.46351198,17902038543903.5,0.562832161837819,2,9693563.2287402,150512.74789531,-250487.736321211,-0.00795312171700271,19,43579421.5144603,-1035188.03256752,-94836300404.2151,0,1,4379868.91340807
"573",-2537191.2732316,17902032920997.1,0.548412006866433,3,12002870.3016227,151116.617953342,-251683.310112665,0.0084439652797998,20,45887711.2277874,-1035188.03256752,-94836300404.2151,0,1,4379868.91340807
"574",-2537286.46351198,17902038543903.5,0.562832161837819,2,9693563.2287402,150874.602494822,-252140.78302349,-0.00944024442790552,20,45888195.2587045,-1035188.03256752,-94836300404.2151,0,1,4379868.91340807
"575",-2537286.46351198,17902038543903.5,0.562832161837819,2,9693563.2287402,151150.559402661,-254100.500664794,-0.00536351392859675,20,45887643.3448888,-1035188.03256752,-94836300404.2151,0,1,4379868.91340807
"576",-2537147.22406381,17902032885918.7,0.548412006866433,3,12002782.2032871,150752.486479107,-252140.762566941,0.00278275007621296,20,45888439.4907359,-1035188.03256752,-94836300404.2151,0,1,4379868.91340807
"577",-2537286.46351198,17902038543903.5,0.562832161837819,2,9693563.2287402,150501.064520084,-252422.853415108,-0.00133043904488481,19,43579444.8812107,-1035188.03256752,-94836300404.2151,0,1,4379868.91340807
"578",-2536595.7363239,17902031688005.6,0.48851957488169,3,12001679.2278073,151003.860569323,-254022.935598287,-0.00563990982428303,20,45887936.7425554,-1035188.03256752,-94836300404.2151,0,1,4379868.91340807
"579",-2537286.46351198,17902038543903.5,0.562832161837819,2,9693563.2287402,150712.508757218,-251012.403781686,-0.00188268012405378,19,43579021.9927364,-1035188.03256752,-94836300404.2151,0,1,4379868.91340807
"580",-2537286.46351198,17902038543903.5,0.562832161837819,2,9693563.2287402,150827.27946096,-252959.411299896,0.00547166709719841,20,45888289.9047722,-1035188.03256752,-94836300404.2151,0,1,4379868.91340807
"581",-2537286.46351198,17902038543903.5,0.562832161837819,2,9693563.2287402,150849.681789537,-254143.922485575,0.0085906481749767,20,45888245.100115,-1035188.03256752,-94836300404.2151,0,1,4379868.91340807
"582",-2537286.46351198,17902038543903.5,0.562832161837819,2,9693563.2287402,150963.527793704,-254364.107966924,-0.00717363492948019,20,45888017.4081067,-1035188.03256752,-94836300404.2151,0,1,4379868.91340807
"583",-2537286.46351198,17902038543903.5,0.562832161837819,2,9693563.2287402,150722.476246994,-251866.819254061,0.00242121294958409,20,45888499.5112001,-1035188.03256752,-94836300404.2151,0,1,4379868.91340807
"584",-2537286.46351198,17902038543903.5,0.562832161837819,2,9693563.2287402,150732.843017084,-250786.805168989,-0.00736035254682263,20,45888478.7776599,-1035188.03256752,-94836300404.2151,0,1,4379868.91340807
"585",-2537286.46351198,17902038543903.5,0.562832161837819,2,9693563.2287402,150862.799577138,-253794.803960074,0.00310172239584557,20,45888218.8645398,-1035188.03256752,-94836300404.2151,0,1,4379868.91340807
"586",-2537286.46351198,17902038543903.5,0.562832161837819,2,9693563.2287402,150792.541953865,-249921.021833329,0.0133199846698943,20,45888359.3797864,-1035188.03256752,-94836300404.2151,0,1,4379868.91340807
"587",-2536393.57345714,17902031580648.5,0.470604253319736,3,12001274.9020737,150873.220159414,-252756.310523969,-3.91711387049999e-05,20,45888198.0233753,-1035188.03256752,-94836300404.2151,0,1,4379868.91340807
"588",-2537286.46351198,17902038543903.5,0.562832161837819,2,9693563.2287402,150720.581973576,-253479.414676792,0.00749166074260403,20,45888503.2997469,-1035188.03256752,-94836300404.2151,0,1,4379868.91340807
"589",-2536718.58611698,17902031840529.3,0.509956563732036,3,12001924.9273934,150893.415461667,-252246.914368759,-0.000446732971244499,20,45888157.6327708,-1035188.03256752,-94836300404.2151,0,1,4379868.91340807
"590",-2537286.46351198,17902038543903.5,0.562832161837819,2,9693563.2287402,150895.413045971,-251322.994186329,-6.27121434226651e-05,19,43578656.1841589,-1035188.03256752,-94836300404.2151,0,1,4379868.91340807
"591",-2536343.48383543,17902031544754.9,0.463004286333499,3,12001174.7228303,150728.02052508,-253101.299029354,0.00435995405639811,20,45888488.4226439,-1035188.03256752,-94836300404.2151,0,1,4379868.91340807
"592",-2537286.46351198,17902038543903.5,0.562832161837819,2,9693563.2287402,150256.972407027,-252175.203131727,-0.00189621144692544,20,45889430.51888,-1035188.03256752,-94836300404.2151,0,1,4379868.91340807
"593",-2536964.12285087,17902027072695.5,0.534322586729962,4,14311913.4543044,150826.689992461,-252956.58331456,0.0066458445858676,20,45888291.0837092,-1035188.03256752,-94836300404.2151,0,1,4379868.91340807
"594",-2537286.46351198,17902038543903.5,0.562832161837819,2,9693563.2287402,150959.384168479,-252544.440078062,-0.00284846630099579,20,45888025.6953571,-1035188.03256752,-94836300404.2151,0,1,4379868.91340807
"595",-2537286.46351198,17902038543903.5,0.562832161837819,2,9693563.2287402,151105.817694201,-253776.932843172,-0.0163449355882052,20,45887732.8283057,-1035188.03256752,-94836300404.2151,0,1,4379868.91340807
"596",-2537286.46351198,17902038543903.5,0.562832161837819,2,9693563.2287402,150676.002978711,-253884.802334575,0.00478483838486337,20,45888592.4577367,-1035188.03256752,-94836300404.2151,0,1,4379868.91340807
"597",-2537286.46351198,17902038543903.5,0.562832161837819,2,9693563.2287402,150851.100505867,-253985.92610843,-0.00315590812626765,20,45888242.2626824,-1035188.03256752,-94836300404.2151,0,1,4379868.91340807
"598",-2536960.37344438,17902032188183.5,0.534778941412533,3,12002408.5020482,150792.666518318,-248874.559619374,0.00862709517962035,20,45888359.1306575,-1035188.03256752,-94836300404.2151,0,1,4379868.91340807
"599",-2537147.22406381,17902032885918.7,0.548412006866433,3,12002782.2032871,150863.529875703,-253477.349203116,0.00192682754893437,20,45888217.4039427,-1035188.03256752,-94836300404.2151,0,1,4379868.91340807
"600",-2536195.33255124,17902031525272.8,0.456326504350996,3,12000878.4202619,150718.59858523,-252132.850853998,0.00359276760260866,20,45888507.2665236,-1035188.03256752,-94836300404.2151,0,1,4379868.91340807
"601",-2536619.24639604,17902031720887.3,0.498805924309898,3,12001726.2479515,150544.512842363,-251104.429022261,0.00720264745960678,20,45888855.4380094,-1035188.03256752,-94836300404.2151,0,1,4379868.91340807
"602",-2537286.46351198,17902038543903.5,0.562832161837819,2,9693563.2287402,150970.566678639,-251850.418992296,0.00892205560394548,20,45888003.3303368,-1035188.03256752,-94836300404.2151,0,1,4379868.91340807
"603",-2536550.07160346,17902031709175.3,0.48851957488169,3,12001587.8983664,150390.184127022,-252131.152380919,0.00767922726319794,19,43579666.6419968,-1035188.03256752,-94836300404.2151,0,1,4379868.91340807
"604",-2537286.46351198,17902038543903.5,0.562832161837819,2,9693563.2287402,150595.976228859,-248107.808093101,-0.00879824814332806,20,45888752.5112364,-1035188.03256752,-94836300404.2151,0,1,4379868.91340807
"605",-2536970.9912856,17902032257210.2,0.534778941412533,3,12002429.7377307,150995.281857073,-254336.172946284,0.00693457312715479,20,45887953.8999799,-1035188.03256752,-94836300404.2151,0,1,4379868.91340807
"606",-2537286.46351198,17902038543903.5,0.562832161837819,2,9693563.2287402,150859.218071547,-253658.577300596,0.00780130178349038,20,45888226.027551,-1035188.03256752,-94836300404.2151,0,1,4379868.91340807
"607",-2537286.46351198,17902038543903.5,0.562832161837819,2,9693563.2287402,151040.867105959,-251633.558754648,0.00573651330006679,20,45887862.7294822,-1035188.03256752,-94836300404.2151,0,1,4379868.91340807
"608",-2537286.46351198,17902038543903.5,0.562832161837819,2,9693563.2287402,150901.324037279,-253313.238766533,0.0187509308833789,20,45888141.8156195,-1035188.03256752,-94836300404.2151,0,1,4379868.91340807
"609",-2537286.46351198,17902038543903.5,0.562832161837819,2,9693563.2287402,151144.059033188,-253401.63417084,-0.00220481121303988,20,45887656.3456277,-1035188.03256752,-94836300404.2151,0,1,4379868.91340807
"610",-2537286.46351198,17902038543903.5,0.562832161837819,2,9693563.2287402,150700.451868648,-252913.667919139,0.00906599198819312,20,45888543.5599568,-1035188.03256752,-94836300404.2151,0,1,4379868.91340807
"611",-2536127.97928458,17902031480133.1,0.439034773377593,3,12000743.7137286,150827.397921585,-254907.776617917,-0.00979264025550103,20,45888289.6678509,-1035188.03256752,-94836300404.2151,0,1,4379868.91340807
"612",-2537286.46351198,17902038543903.5,0.562832161837819,2,9693563.2287402,150781.637068394,-253524.464369588,-0.00427835091863311,20,45888381.1895573,-1035188.03256752,-94836300404.2151,0,1,4379868.91340807
"613",-2536889.44399333,17902032049057.1,0.521953836202136,3,12002266.6431461,150809.750665368,-250475.548524346,-0.00351327454401766,20,45888324.9623634,-1035188.03256752,-94836300404.2151,0,1,4379868.91340807
"614",-2537286.46351198,17902038543903.5,0.562832161837819,2,9693563.2287402,150937.694474029,-252171.579168733,0.00344343433551129,20,45888069.074746,-1035188.03256752,-94836300404.2151,0,1,4379868.91340807
"615",-2537286.46351198,17902038543903.5,0.562832161837819,2,9693563.2287402,150984.272063021,-254027.595966717,-0.0087626316161402,20,45887975.9195681,-1035188.03256752,-94836300404.2151,0,1,4379868.91340807
"616",-2537286.46351198,17902038543903.5,0.562832161837819,2,9693563.2287402,150693.914605515,-250477.562666349,-0.0139805521927598,18,41269561.7275966,-1035188.03256752,-94836300404.2151,0,1,4379868.91340807
"617",-2537286.46351198,17902038543903.5,0.562832161837819,2,9693563.2287402,150977.976012703,-253856.614531853,0.00733995368371472,20,45887988.5116687,-1035188.03256752,-94836300404.2151,0,1,4379868.91340807
"618",-2536798.64129455,17902031877025.9,0.509956563732036,3,12002085.0377486,150890.632740813,-252843.305652847,-0.000446732971244499,20,45888163.1982125,-1035188.03256752,-94836300404.2151,0,1,4379868.91340807
"619",-2536269.67058658,17902031456176.3,0.450581910557098,3,12001027.0963326,150857.292764905,-252828.324246073,-0.0133468054609112,20,45888229.8781643,-1035188.03256752,-94836300404.2151,0,1,4379868.91340807
"620",-2537286.46351198,17902038543903.5,0.562832161837819,2,9693563.2287402,150964.91552525,-253261.387952865,-0.0142373892364082,20,45888014.6326436,-1035188.03256752,-94836300404.2151,0,1,4379868.91340807
"621",-2536782.800781,17902026346938.1,0.521033998432379,4,14311550.8101647,150933.31838912,-251988.610428663,0.00109029014267897,20,45888077.8269159,-1035188.03256752,-94836300404.2151,0,1,4379868.91340807
"622",-2537286.46351198,17902038543903.5,0.562832161837819,2,9693563.2287402,151021.249935461,-252079.32824337,0.00770735616470644,20,45887901.9638232,-1035188.03256752,-94836300404.2151,0,1,4379868.91340807
"623",-2537286.46351198,17902038543903.5,0.562832161837819,2,9693563.2287402,150938.278632632,-252909.888406314,-8.62819537371903e-05,20,45888067.9064288,-1035188.03256752,-94836300404.2151,0,1,4379868.91340807
"624",-2537286.46351198,17902038543903.5,0.562832161837819,2,9693563.2287402,150787.916818729,-250208.308796,-0.0179774226102467,20,45888368.6300566,-1035188.03256752,-94836300404.2151,0,1,4379868.91340807
"625",-2537286.46351198,17902038543903.5,0.562832161837819,2,9693563.2287402,150710.65607272,-253726.648229921,0.00242121294958409,20,45888523.1515487,-1035188.03256752,-94836300404.2151,0,1,4379868.91340807
"626",-2537286.46351198,17902038543903.5,0.562832161837819,2,9693563.2287402,150772.479917786,-253584.949141685,-0.0046606557761634,20,45888399.5038585,-1035188.03256752,-94836300404.2151,0,1,4379868.91340807
"627",-2537286.46351198,17902038543903.5,0.562832161837819,2,9693563.2287402,150989.393353806,-254160.370127685,-0.0087626316161402,20,45887965.6769865,-1035188.03256752,-94836300404.2151,0,1,4379868.91340807
"628",-2537286.46351198,17902038543903.5,0.562832161837819,2,9693563.2287402,150973.014019271,-249248.408422716,-0.0024644653915282,20,45887998.4356556,-1035188.03256752,-94836300404.2151,0,1,4379868.91340807
"629",-2537286.46351198,17902038543903.5,0.562832161837819,2,9693563.2287402,150872.386977179,-254695.138457608,-0.00826511026675545,20,45888199.6897397,-1035188.03256752,-94836300404.2151,0,1,4379868.91340807
"630",-2537286.46351198,17902038543903.5,0.562832161837819,2,9693563.2287402,150544.358175308,-251279.413810442,-0.00252236261298082,20,45888855.7473435,-1035188.03256752,-94836300404.2151,0,1,4379868.91340807
"631",-2537286.46351198,17902038543903.5,0.562832161837819,2,9693563.2287402,151064.202085017,-253316.231926067,-0.000180850310983907,20,45887816.0595241,-1035188.03256752,-94836300404.2151,0,1,4379868.91340807
"632",-2537286.46351198,17902038543903.5,0.562832161837819,2,9693563.2287402,150944.648761911,-251728.439224332,-0.00323231055286633,20,45888055.1661703,-1035188.03256752,-94836300404.2151,0,1,4379868.91340807
"633",-2537286.46351198,17902038543903.5,0.562832161837819,2,9693563.2287402,150900.824564485,-254293.435285046,0.00699240399162794,20,45888142.8145651,-1035188.03256752,-94836300404.2151,0,1,4379868.91340807
"634",-2537286.46351198,17902038543903.5,0.562832161837819,2,9693563.2287402,150826.929549185,-253385.892799617,-0.0117598239941123,20,45888290.6045957,-1035188.03256752,-94836300404.2151,0,1,4379868.91340807
"635",-2537286.46351198,17902038543903.5,0.562832161837819,2,9693563.2287402,150829.969205714,-253603.000543166,-0.00157339783481671,20,45888284.5252827,-1035188.03256752,-94836300404.2151,0,1,4379868.91340807
"636",-2537286.46351198,17902038543903.5,0.562832161837819,2,9693563.2287402,150683.903414943,-252678.551816092,-0.00888458625777792,19,43579079.203421,-1035188.03256752,-94836300404.2151,0,1,4379868.91340807
"637",-2537286.46351198,17902038543903.5,0.562832161837819,2,9693563.2287402,150954.347196116,-251772.803512787,-0.0110878316344547,20,45888035.7693019,-1035188.03256752,-94836300404.2151,0,1,4379868.91340807
"638",-2537286.46351198,17902038543903.5,0.562832161837819,2,9693563.2287402,150657.584758364,-251819.226033911,0.0200170058740473,20,45888629.2941774,-1035188.03256752,-94836300404.2151,0,1,4379868.91340807
"639",-2536889.44399333,17902032049057.1,0.521953836202136,3,12002266.6431461,151007.732710317,-253763.233473972,0.00614263159135005,20,45887928.9982735,-1035188.03256752,-94836300404.2151,0,1,4379868.91340807
"640",-2537286.46351198,17902038543903.5,0.562832161837819,2,9693563.2287402,150877.659596662,-249231.076574995,0.00936190215049552,20,45888189.1445008,-1035188.03256752,-94836300404.2151,0,1,4379868.91340807
"641",-2537286.46351198,17902038543903.5,0.562832161837819,2,9693563.2287402,149982.885221975,-247157.390832612,-0.00516833681226844,19,43580481.2398069,-1035188.03256752,-94836300404.2151,0,1,4379868.91340807
"642",-2537286.46351198,17902038543903.5,0.562832161837819,2,9693563.2287402,150351.892259846,-251389.21606811,-0.0167459473720968,19,43579743.2257312,-1035188.03256752,-94836300404.2151,0,1,4379868.91340807
"643",-2537286.46351198,17902038543903.5,0.562832161837819,2,9693563.2287402,151005.624403999,-251375.840909984,0.00457854601713617,20,45887933.2148861,-1035188.03256752,-94836300404.2151,0,1,4379868.91340807
"644",-2537286.46351198,17902038543903.5,0.562832161837819,2,9693563.2287402,150802.273599379,-253223.327263313,0.00118152440121751,20,45888339.9164953,-1035188.03256752,-94836300404.2151,0,1,4379868.91340807
"645",-2537286.46351198,17902038543903.5,0.562832161837819,2,9693563.2287402,150813.453811953,-253375.079528674,-0.00665231852866367,20,45888317.5560702,-1035188.03256752,-94836300404.2151,0,1,4379868.91340807
"646",-2536575.62051669,17902031733128.9,0.498805924309898,3,12001638.9961928,150939.160636826,-252123.955448961,0.00814972272117594,20,45888066.1424204,-1035188.03256752,-94836300404.2151,0,1,4379868.91340807
"647",-2537078.52860568,17902032665150.5,0.548412006866433,3,12002644.8123708,150639.030401662,-252801.100833964,-0.00727672617515618,20,45888666.4028908,-1035188.03256752,-94836300404.2151,0,1,4379868.91340807
"648",-2537286.46351198,17902038543903.5,0.562832161837819,2,9693563.2287402,150753.730040702,-250321.815815786,0.00864528534913352,20,45888437.0036127,-1035188.03256752,-94836300404.2151,0,1,4379868.91340807
"649",-2536225.8440709,17902031549762,0.456326504350996,3,12000939.4433013,151111.386433052,-252982.288205279,0.000180998323798135,20,45887721.690828,-1035188.03256752,-94836300404.2151,0,1,4379868.91340807
"650",-2537286.46351198,17902038543903.5,0.562832161837819,2,9693563.2287402,150757.28165677,-252167.037489506,0.00199366717485634,19,43578932.4469373,-1035188.03256752,-94836300404.2151,0,1,4379868.91340807
"651",-2537286.46351198,17902038543903.5,0.562832161837819,2,9693563.2287402,150675.21343223,-249408.722878069,0.00361399701825733,20,45888594.0368296,-1035188.03256752,-94836300404.2151,0,1,4379868.91340807
"652",-2537286.46351198,17902038543903.5,0.562832161837819,2,9693563.2287402,150701.852201329,-252095.95363397,-0.00226500566251416,19,43579043.3058482,-1035188.03256752,-94836300404.2151,0,1,4379868.91340807
"653",-2536400.09077867,17902031553888.5,0.47911396113061,3,12001287.9367168,150650.425776509,-252527.110936085,0.012210821987282,19,43579146.1586979,-1035188.03256752,-94836300404.2151,0,1,4379868.91340807
"654",-2537286.46351198,17902038543903.5,0.562832161837819,2,9693563.2287402,150785.487621496,-251818.786930762,0.0203593189053053,20,45888373.4884511,-1035188.03256752,-94836300404.2151,0,1,4379868.91340807
"655",-2537286.46351198,17902038543903.5,0.562832161837819,2,9693563.2287402,151063.177677454,-253487.260506244,-0.000180850310983907,20,45887818.1083392,-1035188.03256752,-94836300404.2151,0,1,4379868.91340807
"656",-2537286.46351198,17902038543903.5,0.562832161837819,2,9693563.2287402,151088.144989146,-254085.571978304,0.00176991150442478,20,45887768.1737158,-1035188.03256752,-94836300404.2151,0,1,4379868.91340807
"657",-2537286.46351198,17902038543903.5,0.562832161837819,2,9693563.2287402,150892.082459161,-254149.723566902,0.013660624015424,20,45888160.2987758,-1035188.03256752,-94836300404.2151,0,1,4379868.91340807
"658",-2537286.46351198,17902038543903.5,0.562832161837819,2,9693563.2287402,150852.803206017,-250818.940314499,0.00271737002435453,20,45888238.8572821,-1035188.03256752,-94836300404.2151,0,1,4379868.91340807
"659",-2537286.46351198,17902038543903.5,0.562832161837819,2,9693563.2287402,150462.227396613,-251950.701354742,-0.00130630525554597,19,43579522.5554577,-1035188.03256752,-94836300404.2151,0,1,4379868.91340807
"660",-2537286.46351198,17902038543903.5,0.562832161837819,2,9693563.2287402,150638.061734281,-247493.591642213,0.000912515501064603,19,43579170.8867823,-1035188.03256752,-94836300404.2151,0,1,4379868.91340807
"661",-2536961.09148405,17902032264342.1,0.534778941412533,3,12002409.9381276,150801.957874528,-251463.05251095,0.00431833650167806,20,45888340.547945,-1035188.03256752,-94836300404.2151,0,1,4379868.91340807
"662",-2537286.46351198,17902038543903.5,0.562832161837819,2,9693563.2287402,150977.137693904,-253383.364695799,-0.000902775052007692,20,45887990.1883063,-1035188.03256752,-94836300404.2151,0,1,4379868.91340807
"663",-2537286.46351198,17902038543903.5,0.562832161837819,2,9693563.2287402,150559.978334271,-250202.02801151,-0.00488420462246735,19,43579327.0535823,-1035188.03256752,-94836300404.2151,0,1,4379868.91340807
"664",-2537147.22406381,17902032885918.7,0.548412006866433,3,12002782.2032871,150947.273590115,-253538.37341539,-0.0102931831198073,20,45888049.9165139,-1035188.03256752,-94836300404.2151,0,1,4379868.91340807
"665",-2537286.46351198,17902038543903.5,0.562832161837819,2,9693563.2287402,150810.132634693,-249834.814326265,-0.00900019565642732,19,43578826.7449815,-1035188.03256752,-94836300404.2151,0,1,4379868.91340807
"666",-2537286.46351198,17902038543903.5,0.562832161837819,2,9693563.2287402,150930.107270106,-250945.001264511,0.00188213151393953,20,45888084.2491539,-1035188.03256752,-94836300404.2151,0,1,4379868.91340807
"667",-2537286.46351198,17902038543903.5,0.562832161837819,2,9693563.2287402,150978.590301764,-253586.871170806,0.00969501903677827,20,45887987.2830906,-1035188.03256752,-94836300404.2151,0,1,4379868.91340807
"668",-2537286.46351198,17902038543903.5,0.562832161837819,2,9693563.2287402,151010.725634897,-251863.286026424,0.00849913987447666,20,45887923.0124243,-1035188.03256752,-94836300404.2151,0,1,4379868.91340807
"669",-2536961.09148405,17902032264342.1,0.534778941412533,3,12002409.9381276,150775.69636846,-252947.388097623,-0.0124909075266126,20,45888393.0709572,-1035188.03256752,-94836300404.2151,0,1,4379868.91340807
"670",-2536130.85865832,17902031452069.7,0.445780022265606,3,12000749.4724761,150824.48108575,-251849.821807767,0.00156525141850909,20,45888295.5015226,-1035188.03256752,-94836300404.2151,0,1,4379868.91340807
"671",-2537286.46351198,17902038543903.5,0.562832161837819,2,9693563.2287402,151015.221305425,-253628.231683181,0.00181488203266788,20,45887914.0210832,-1035188.03256752,-94836300404.2151,0,1,4379868.91340807
"672",-2537286.46351198,17902038543903.5,0.562832161837819,2,9693563.2287402,150692.055629289,-249402.850235558,0.00868159922552639,19,43579062.8989923,-1035188.03256752,-94836300404.2151,0,1,4379868.91340807
"673",-2537286.46351198,17902038543903.5,0.562832161837819,2,9693563.2287402,150865.341696808,-254334.784605411,-0.00826511026675545,20,45888213.7803005,-1035188.03256752,-94836300404.2151,0,1,4379868.91340807
"674",-2537286.46351198,17902038543903.5,0.562832161837819,2,9693563.2287402,150788.345702654,-254162.273188841,0.0133199846698943,20,45888367.7722888,-1035188.03256752,-94836300404.2151,0,1,4379868.91340807
"675",-2537286.46351198,17902038543903.5,0.562832161837819,2,9693563.2287402,150998.356940749,-253692.83762618,-0.00837960308796619,20,45887947.7498126,-1035188.03256752,-94836300404.2151,0,1,4379868.91340807
"676",-2536250.59047563,17902031491754.3,0.450581910557098,3,12000988.9361107,151020.883449441,-249939.244160434,0.00535036651189102,20,45887902.6967952,-1035188.03256752,-94836300404.2151,0,1,4379868.91340807
"677",-2536730.35850663,17902031795238.8,0.509956563732036,3,12001948.4721727,151094.53726219,-254753.496005142,-0.000204564945436233,20,45887755.3891697,-1035188.03256752,-94836300404.2151,0,1,4379868.91340807
"678",-2537286.46351198,17902038543903.5,0.562832161837819,2,9693563.2287402,150865.209928269,-252513.970375831,-0.00629743637944404,20,45888214.0438376,-1035188.03256752,-94836300404.2151,0,1,4379868.91340807
"679",-2537286.46351198,17902038543903.5,0.562832161837819,2,9693563.2287402,150865.813382643,-251372.518012769,0.00897619663040158,20,45888212.8369288,-1035188.03256752,-94836300404.2151,0,1,4379868.91340807
"680",-2537286.46351198,17902038543903.5,0.562832161837819,2,9693563.2287402,150713.732247776,-253420.918446328,-0.0100852283823794,20,45888516.9991985,-1035188.03256752,-94836300404.2151,0,1,4379868.91340807
"681",-2537286.46351198,17902038543903.5,0.562832161837819,2,9693563.2287402,150958.178530034,-252456.084066403,0.00656795122295722,20,45888028.106634,-1035188.03256752,-94836300404.2151,0,1,4379868.91340807
"682",-2537286.46351198,17902038543903.5,0.562832161837819,2,9693563.2287402,150946.479266758,-252200.433289638,0.00344343433551129,20,45888051.5051606,-1035188.03256752,-94836300404.2151,0,1,4379868.91340807
"683",-2536207.37539866,17902031482777.1,0.456326504350996,3,12000902.5059568,150434.989758219,-250389.869880937,0.0185336286280452,19,43579577.0307344,-1035188.03256752,-94836300404.2151,0,1,4379868.91340807
"684",-2537286.46351198,17902038543903.5,0.562832161837819,2,9693563.2287402,150665.336451776,-251844.723634609,-0.00379275630370144,20,45888613.7907905,-1035188.03256752,-94836300404.2151,0,1,4379868.91340807
"685",-2537286.46351198,17902038543903.5,0.562832161837819,2,9693563.2287402,150716.69155339,-251421.320662166,-0.00188268012405378,20,45888511.0805873,-1035188.03256752,-94836300404.2151,0,1,4379868.91340807
"686",-2537286.46351198,17902038543903.5,0.562832161837819,2,9693563.2287402,150647.439153432,-247847.527139612,0.00480532954731612,19,43579152.131944,-1035188.03256752,-94836300404.2151,0,1,4379868.91340807
"687",-2536663.07245204,17902031791914.3,0.498805924309898,3,12001813.9000635,150597.357917505,-254467.206148166,0.00172224343638219,20,45888749.7478591,-1035188.03256752,-94836300404.2151,0,1,4379868.91340807
"688",-2536674.55416436,17902031745888.2,0.498805924309898,3,12001836.8634882,150549.95393494,-252840.862793485,-0.00485788355092603,20,45888844.5558242,-1035188.03256752,-94836300404.2151,0,1,4379868.91340807
"689",-2537286.46351198,17902038543903.5,0.562832161837819,2,9693563.2287402,150827.033153257,-253634.241054256,0.00547166709719841,20,45888290.3973876,-1035188.03256752,-94836300404.2151,0,1,4379868.91340807
"690",-2537286.46351198,17902038543903.5,0.562832161837819,2,9693563.2287402,150856.36806846,-253055.009879596,-0.0113784975371387,20,45888231.7275572,-1035188.03256752,-94836300404.2151,0,1,4379868.91340807
"691",-2536961.09148405,17902032264342.1,0.534778941412533,3,12002409.9381276,151012.727525931,-253066.758187453,0.00614263159135005,20,45887919.0086422,-1035188.03256752,-94836300404.2151,0,1,4379868.91340807
"692",-2537286.46351198,17902038543903.5,0.562832161837819,2,9693563.2287402,150626.924681285,-251175.116909226,-0.00724891850812581,20,45888690.6143315,-1035188.03256752,-94836300404.2151,0,1,4379868.91340807
"693",-2537286.46351198,17902038543903.5,0.562832161837819,2,9693563.2287402,151007.648290956,-254741.392400152,-0.00681816396584633,20,45887929.1671122,-1035188.03256752,-94836300404.2151,0,1,4379868.91340807
"694",-2537286.46351198,17902038543903.5,0.562832161837819,2,9693563.2287402,150851.027833586,-254439.535029275,-0.0137278087973876,20,45888242.4080269,-1035188.03256752,-94836300404.2151,0,1,4379868.91340807
"695",-2537286.46351198,17902038543903.5,0.562832161837819,2,9693563.2287402,150892.234074929,-251151.247735263,-0.00162234605346688,20,45888159.9955442,-1035188.03256752,-94836300404.2151,0,1,4379868.91340807
"696",-2537286.46351198,17902038543903.5,0.562832161837819,2,9693563.2287402,151170.097733788,-254362.976285853,-0.00222980372999677,20,45887604.2682265,-1035188.03256752,-94836300404.2151,0,1,4379868.91340807
"697",-2537286.46351198,17902038543903.5,0.562832161837819,2,9693563.2287402,150819.11945354,-252665.083083649,0.0226961455683819,20,45888306.224787,-1035188.03256752,-94836300404.2151,0,1,4379868.91340807
"698",-2537286.46351198,17902038543903.5,0.562832161837819,2,9693563.2287402,151046.406515238,-253256.041301795,0.00848077089342838,20,45887851.6506636,-1035188.03256752,-94836300404.2151,0,1,4379868.91340807
"699",-2537286.46351198,17902038543903.5,0.562832161837819,2,9693563.2287402,150760.059199368,-253573.683219068,-0.00621555060396388,20,45888424.3452954,-1035188.03256752,-94836300404.2151,0,1,4379868.91340807
"700",-2537286.46351198,17902038543903.5,0.562832161837819,2,9693563.2287402,150396.706631642,-253847.371927976,-0.0167793833324275,20,45889151.0504308,-1035188.03256752,-94836300404.2151,0,1,4379868.91340807
"701",-2537286.46351198,17902038543903.5,0.562832161837819,2,9693563.2287402,150675.146201464,-249218.784025165,0.0176640934175298,20,45888594.1712912,-1035188.03256752,-94836300404.2151,0,1,4379868.91340807
"702",-2537286.46351198,17902038543903.5,0.562832161837819,2,9693563.2287402,150774.617377099,-252068.857967399,-0.00427835091863311,19,43578897.7754967,-1035188.03256752,-94836300404.2151,0,1,4379868.91340807
"703",-2535846.27691722,17902024770174.7,0.412767621043715,4,14309677.7624371,150920.797063162,-253150.26332103,-0.012233854840607,20,45888102.8695678,-1035188.03256752,-94836300404.2151,0,1,4379868.91340807
"704",-2537286.46351198,17902038543903.5,0.562832161837819,2,9693563.2287402,150610.190245197,-249230.200676453,0.00599521318479134,19,43579226.6297605,-1035188.03256752,-94836300404.2151,0,1,4379868.91340807
"705",-2537286.46351198,17902038543903.5,0.562832161837819,2,9693563.2287402,150318.349956882,-251793.419120826,0.0247807646680262,20,45889307.7637803,-1035188.03256752,-94836300404.2151,0,1,4379868.91340807
"706",-2536813.10225247,17902031976782.3,0.521953836202136,3,12002113.9596644,150952.373344329,-254466.793562191,-0.0110878316344547,20,45888039.7170054,-1035188.03256752,-94836300404.2151,0,1,4379868.91340807
"707",-2537064.49447326,17902032348847.7,0.534778941412533,3,12002616.744106,150784.340771082,-254051.868515102,-0.0171837970168866,20,45888375.7821519,-1035188.03256752,-94836300404.2151,0,1,4379868.91340807
"708",-2536996.37898298,17902032210747.1,0.534778941412533,3,12002480.5131254,150932.100764602,-252760.3226216,0.010116456887425,20,45888080.2621649,-1035188.03256752,-94836300404.2151,0,1,4379868.91340807
"709",-2537286.46351198,17902038543903.5,0.562832161837819,2,9693563.2287402,150896.840462924,-253290.767711099,0.0101337847687569,20,45888150.7827682,-1035188.03256752,-94836300404.2151,0,1,4379868.91340807
"710",-2536110.89318826,17902031374586.8,0.436135845149042,3,12000709.541536,150576.929720202,-250190.753959373,0.00289118694523889,18,41269795.6973673,-1035188.03256752,-94836300404.2151,0,1,4379868.91340807
"711",-2537286.46351198,17902038543903.5,0.562832161837819,2,9693563.2287402,150884.576086288,-252299.299511227,0.0038708969667526,20,45888175.3115215,-1035188.03256752,-94836300404.2151,0,1,4379868.91340807
"712",-2537286.46351198,17902038543903.5,0.562832161837819,2,9693563.2287402,150821.494684984,-253293.2294214,-0.00430444140090002,20,45888301.4743241,-1035188.03256752,-94836300404.2151,0,1,4379868.91340807
"713",-2537286.46351198,17902038543903.5,0.562832161837819,2,9693563.2287402,150819.774064729,-254301.075109116,-0.0109668177441702,20,45888304.9155646,-1035188.03256752,-94836300404.2151,0,1,4379868.91340807
"714",-2537286.46351198,17902038543903.5,0.562832161837819,2,9693563.2287402,150752.99776608,-254273.593273821,0.00278275007621296,20,45888438.4681619,-1035188.03256752,-94836300404.2151,0,1,4379868.91340807
"715",-2537286.46351198,17902038543903.5,0.562832161837819,2,9693563.2287402,150650.698755153,-254037.842640506,-0.0115764757276252,20,45888643.0661838,-1035188.03256752,-94836300404.2151,0,1,4379868.91340807
"716",-2537286.46351198,17902038543903.5,0.562832161837819,2,9693563.2287402,150668.4119126,-254330.640495113,-0.00885577185659111,20,45888607.6398689,-1035188.03256752,-94836300404.2151,0,1,4379868.91340807
"717",-2537286.46351198,17902038543903.5,0.562832161837819,2,9693563.2287402,150871.511000225,-250455.154288203,-0.0106153785890556,20,45888201.4416936,-1035188.03256752,-94836300404.2151,0,1,4379868.91340807
"718",-2537286.46351198,17902038543903.5,0.562832161837819,2,9693563.2287402,150931.373518827,-248917.752554446,0.00894012469121279,20,45888081.7166564,-1035188.03256752,-94836300404.2151,0,1,4379868.91340807
"719",-2536996.37898298,17902032210747.1,0.534778941412533,3,12002480.5131254,150777.150158954,-249524.98240723,0.0242758297173684,20,45888390.1633762,-1035188.03256752,-94836300404.2151,0,1,4379868.91340807
"720",-2537286.46351198,17902038543903.5,0.562832161837819,2,9693563.2287402,150948.897592983,-254030.082341015,-0.0126468073087877,20,45888046.6685081,-1035188.03256752,-94836300404.2151,0,1,4379868.91340807
"721",-2537191.27323161,17902032920997.1,0.548412006866433,3,12002870.3016227,150997.258550676,-247672.006801007,0.0018373259840294,20,45887949.9465927,-1035188.03256752,-94836300404.2151,0,1,4379868.91340807
"722",-2537286.46351198,17902038543903.5,0.562832161837819,2,9693563.2287402,150862.739588406,-254299.388933206,-0.00473970778330526,20,45888218.9845173,-1035188.03256752,-94836300404.2151,0,1,4379868.91340807
"723",-2537286.46351198,17902038543903.5,0.562832161837819,2,9693563.2287402,150721.351582762,-252810.778799141,-0.00891343577404714,20,45888501.7605286,-1035188.03256752,-94836300404.2151,0,1,4379868.91340807
"724",-2537286.46351198,17902038543903.5,0.562832161837819,2,9693563.2287402,150887.551083275,-252470.750287676,0.0101337847687569,20,45888169.3615275,-1035188.03256752,-94836300404.2151,0,1,4379868.91340807
"725",-2537078.52860568,17902032665150.5,0.548412006866433,3,12002644.8123708,151011.250099326,-254191.312310178,0.00260786916666013,20,45887921.9634954,-1035188.03256752,-94836300404.2151,0,1,4379868.91340807
"726",-2536961.09148405,17902032264342.1,0.534778941412533,3,12002409.9381276,150979.652810537,-251955.65232674,0.000274757624524082,20,45887985.158073,-1035188.03256752,-94836300404.2151,0,1,4379868.91340807
"727",-2537063.98034088,17902032272492.7,0.534778941412533,3,12002615.7158412,151033.637338006,-253836.37608337,-0.00722957840556364,20,45887877.1890181,-1035188.03256752,-94836300404.2151,0,1,4379868.91340807
"728",-2537286.46351198,17902038543903.5,0.562832161837819,2,9693563.2287402,151001.416337955,-253163.154938639,-0.00837960308796619,20,45887941.6310182,-1035188.03256752,-94836300404.2151,0,1,4379868.91340807
"729",-2537286.46351198,17902038543903.5,0.562832161837819,2,9693563.2287402,151026.249619649,-253699.32038892,-0.00605084279596087,20,45887891.9644548,-1035188.03256752,-94836300404.2151,0,1,4379868.91340807
"730",-2536859.39028674,17902032043974.8,0.521953836202136,3,12002206.5357329,150830.315700616,-253777.714535767,-0.0191860601648545,20,45888283.8322929,-1035188.03256752,-94836300404.2151,0,1,4379868.91340807
"731",-2537286.46351198,17902038543903.5,0.562832161837819,2,9693563.2287402,151125.273054402,-252913.630090466,-0.00495193708127002,20,45887693.9175853,-1035188.03256752,-94836300404.2151,0,1,4379868.91340807
"732",-2537286.46351198,17902038543903.5,0.562832161837819,2,9693563.2287402,150951.37047461,-251160.062910793,0.0120662466755058,20,45888041.7227449,-1035188.03256752,-94836300404.2151,0,1,4379868.91340807
"733",-2537286.46351198,17902038543903.5,0.562832161837819,2,9693563.2287402,150814.485487121,-252518.224134481,0.00391312854627274,20,45888315.4927199,-1035188.03256752,-94836300404.2151,0,1,4379868.91340807
"734",-2537286.46351198,17902038543903.5,0.562832161837819,2,9693563.2287402,151022.679433769,-251618.231930664,0.00378612330822343,20,45887899.1048266,-1035188.03256752,-94836300404.2151,0,1,4379868.91340807
"735",-2537286.46351198,17902038543903.5,0.562832161837819,2,9693563.2287402,150695.383205246,-253840.063878556,-0.000304542366528457,20,45888553.6972836,-1035188.03256752,-94836300404.2151,0,1,4379868.91340807
"736",-2536927.79285712,17902026588076,0.521033998432379,4,14311840.7943169,150771.850092782,-253903.417393682,-0.0105255749575771,20,45888400.7635085,-1035188.03256752,-94836300404.2151,0,1,4379868.91340807
"737",-2536860.52258154,17902031936645.3,0.521953836202136,3,12002208.8003225,150893.747151678,-254840.734771726,-0.00514918530013401,20,45888156.9693907,-1035188.03256752,-94836300404.2151,0,1,4379868.91340807
"738",-2536448.91922289,17902031647846.6,0.47911396113061,3,12001385.5936052,150943.153643203,-253790.018693549,0.0026517499195845,20,45888058.1564077,-1035188.03256752,-94836300404.2151,0,1,4379868.91340807
"739",-2537191.2732316,17902032920997.1,0.548412006866433,3,12002870.3016227,150937.439240983,-254468.326002773,-0.00949885872506648,20,45888069.5852121,-1035188.03256752,-94836300404.2151,0,1,4379868.91340807
"740",-2536625.41468142,17902026227262.6,0.49694031629977,4,14311236.0379655,151142.060521411,-253784.395439661,-0.00102366234891137,20,45887660.3426513,-1035188.03256752,-94836300404.2151,0,1,4379868.91340807
"741",-2536154.72708489,17902025893947.5,0.452019863105623,4,14310294.6627725,151040.629737436,-254392.973933367,-0.00330899401865927,20,45887863.2042192,-1035188.03256752,-94836300404.2151,0,1,4379868.91340807
"742",-2537286.46351198,17902038543903.5,0.562832161837819,2,9693563.2287402,150916.529751009,-254195.656361988,0.00423479590636395,20,45888111.4041921,-1035188.03256752,-94836300404.2151,0,1,4379868.91340807
"743",-2537286.46351198,17902038543903.5,0.562832161837819,2,9693563.2287402,150798.933308684,-251995.219450313,-0.00741627355722968,20,45888346.5970767,-1035188.03256752,-94836300404.2151,0,1,4379868.91340807
"744",-2535987.94029772,17902024897274,0.437102696407486,4,14309961.0891981,150759.428899239,-253947.5895915,-0.00776981341504405,20,45888425.6058956,-1035188.03256752,-94836300404.2151,0,1,4379868.91340807
"745",-2537191.2732316,17902032920997.1,0.548412006866433,3,12002870.3016227,150870.370236579,-253134.22524104,-0.00591484194445532,20,45888203.7232209,-1035188.03256752,-94836300404.2151,0,1,4379868.91340807
"746",-2537286.46351198,17902038543903.5,0.562832161837819,2,9693563.2287402,150957.431548385,-254419.441790549,0.00892205560394548,20,45888029.6005973,-1035188.03256752,-94836300404.2151,0,1,4379868.91340807
"747",-2536506.76330459,17902031638910,0.47911396113061,3,12001501.2817686,150851.182278522,-252903.452812268,0.0168132375858478,20,45888242.0991371,-1035188.03256752,-94836300404.2151,0,1,4379868.91340807
"748",-2537286.46351198,17902038543903.5,0.562832161837819,2,9693563.2287402,150389.586213007,-253238.440434617,0.00769785903295645,20,45889165.2912681,-1035188.03256752,-94836300404.2151,0,1,4379868.91340807
"749",-2537286.46351198,17902038543903.5,0.562832161837819,2,9693563.2287402,151036.89370508,-254099.679883088,-0.0107657852343719,20,45887870.6762839,-1035188.03256752,-94836300404.2151,0,1,4379868.91340807
"750",-2537063.98034088,17902032272492.7,0.534778941412533,3,12002615.7158412,151106.660357238,-254525.403128591,-0.00808196863220353,20,45887731.1429796,-1035188.03256752,-94836300404.2151,0,1,4379868.91340807
"751",-2537286.46351198,17902038543903.5,0.562832161837819,2,9693563.2287402,150921.914562405,-253785.705310837,0.00776379249500058,20,45888100.6345693,-1035188.03256752,-94836300404.2151,0,1,4379868.91340807
"752",-2537286.46351198,17902038543903.5,0.562832161837819,2,9693563.2287402,150431.47831815,-250038.67233831,-0.00594474880522205,19,43579584.0536146,-1035188.03256752,-94836300404.2151,0,1,4379868.91340807
"753",-2537286.46351198,17902038543903.5,0.562832161837819,2,9693563.2287402,150774.0062501,-251715.543338244,-0.0113176851540441,19,43578898.9977507,-1035188.03256752,-94836300404.2151,0,1,4379868.91340807
"754",-2537286.46351198,17902038543903.5,0.562832161837819,2,9693563.2287402,150796.527554676,-253787.952721202,0.00118152440121751,20,45888351.4085847,-1035188.03256752,-94836300404.2151,0,1,4379868.91340807
"755",-2536179.40777783,17902031474913.9,0.450581910557098,3,12000846.5707151,150947.332113896,-253264.90225456,0.000298125730604172,20,45888049.7994663,-1035188.03256752,-94836300404.2151,0,1,4379868.91340807
"756",-2537063.98034088,17902032272492.7,0.534778941412533,3,12002615.7158412,150725.646654268,-250617.768733519,-0.00422626534071823,20,45888493.1703856,-1035188.03256752,-94836300404.2151,0,1,4379868.91340807
"757",-2537286.46351198,17902038543903.5,0.562832161837819,2,9693563.2287402,150912.311380141,-253026.428781416,-0.0090872738962373,20,45888119.8409338,-1035188.03256752,-94836300404.2151,0,1,4379868.91340807
"758",-2537286.46351198,17902038543903.5,0.562832161837819,2,9693563.2287402,151062.28162471,-253815.915187385,-0.00136030886087894,20,45887819.9004447,-1035188.03256752,-94836300404.2151,0,1,4379868.91340807
"759",-2537286.46351198,17902038543903.5,0.562832161837819,2,9693563.2287402,150772.304312812,-253434.791609861,0.0105881340955122,20,45888399.8550685,-1035188.03256752,-94836300404.2151,0,1,4379868.91340807
"760",-2537286.46351198,17902038543903.5,0.562832161837819,2,9693563.2287402,150852.711136606,-253477.334707748,0.00741599254485227,20,45888239.0414209,-1035188.03256752,-94836300404.2151,0,1,4379868.91340807
"761",-2537286.46351198,17902038543903.5,0.562832161837819,2,9693563.2287402,150943.59430463,-253086.334218587,0.000298125730604172,20,45888057.2750848,-1035188.03256752,-94836300404.2151,0,1,4379868.91340807
"762",-2537286.46351198,17902038543903.5,0.562832161837819,2,9693563.2287402,150800.414073345,-249820.429088771,-0.00037550752188504,20,45888343.6355474,-1035188.03256752,-94836300404.2151,0,1,4379868.91340807
"763",-2537286.46351198,17902038543903.5,0.562832161837819,2,9693563.2287402,151041.50177455,-251514.146801268,0.0128089269576834,20,45887861.460145,-1035188.03256752,-94836300404.2151,0,1,4379868.91340807
"764",-2537286.46351198,17902038543903.5,0.562832161837819,2,9693563.2287402,150782.491838235,-253703.514527699,-0.00545157329120161,20,45888379.4800176,-1035188.03256752,-94836300404.2151,0,1,4379868.91340807
"765",-2537286.46351198,17902038543903.5,0.562832161837819,2,9693563.2287402,150844.136544027,-253763.553315355,-0.0137278087973876,20,45888256.190606,-1035188.03256752,-94836300404.2151,0,1,4379868.91340807
"766",-2536597.01141116,17902026233463,0.49694031629977,4,14311179.231425,150561.969339522,-253142.353237383,-0.00409660511374698,20,45888820.525015,-1035188.03256752,-94836300404.2151,0,1,4379868.91340807
"767",-2537286.46351198,17902038543903.5,0.562832161837819,2,9693563.2287402,150472.386846839,-251179.352560902,-0.0137578646922951,20,45888999.6900004,-1035188.03256752,-94836300404.2151,0,1,4379868.91340807
"768",-2537286.46351198,17902038543903.5,0.562832161837819,2,9693563.2287402,150858.888344819,-252603.180625894,0.0101510914773128,20,45888226.6870045,-1035188.03256752,-94836300404.2151,0,1,4379868.91340807
"769",-2537286.46351198,17902038543903.5,0.562832161837819,2,9693563.2287402,150790.230530011,-250591.743948269,-0.00858973456312046,20,45888364.0026341,-1035188.03256752,-94836300404.2151,0,1,4379868.91340807
"770",-2537286.46351198,17902038543903.5,0.562832161837819,2,9693563.2287402,150775.663232113,-250284.297347528,0.00589619875038123,20,45888393.1372299,-1035188.03256752,-94836300404.2151,0,1,4379868.91340807
"771",-2536238.77777989,17902031515945.2,0.456326504350996,3,12000965.3107192,150767.562905464,-252250.26568691,0.00551190336577929,20,45888409.3378832,-1035188.03256752,-94836300404.2151,0,1,4379868.91340807
"772",-2537286.46351198,17902038543903.5,0.562832161837819,2,9693563.2287402,151108.37433598,-254455.642436892,0.00372226987637028,20,45887727.7150221,-1035188.03256752,-94836300404.2151,0,1,4379868.91340807
"773",-2537286.46351198,17902038543903.5,0.562832161837819,2,9693563.2287402,150727.520370369,-248871.004269958,0.0121788311759329,20,45888489.4229534,-1035188.03256752,-94836300404.2151,0,1,4379868.91340807
"774",-2537286.46351198,17902038543903.5,0.562832161837819,2,9693563.2287402,150928.172485014,-252969.909366975,0.010116456887425,20,45888088.1187241,-1035188.03256752,-94836300404.2151,0,1,4379868.91340807
"775",-2537286.46351198,17902038543903.5,0.562832161837819,2,9693563.2287402,150828.336183278,-254121.49822878,0.00429748960852922,20,45888287.7913275,-1035188.03256752,-94836300404.2151,0,1,4379868.91340807
"776",-2537286.46351198,17902038543903.5,0.562832161837819,2,9693563.2287402,150711.490601387,-254240.833276137,-0.0128089975397352,20,45888521.4824913,-1035188.03256752,-94836300404.2151,0,1,4379868.91340807
"777",-2537286.46351198,17902038543903.5,0.562832161837819,2,9693563.2287402,150924.951834058,-253446.217972229,-0.0016468650746971,20,45888094.560026,-1035188.03256752,-94836300404.2151,0,1,4379868.91340807
"778",-2537286.46351198,17902038543903.5,0.562832161837819,2,9693563.2287402,150790.677350962,-250236.138832237,-0.00310512854606461,20,45888363.1089922,-1035188.03256752,-94836300404.2151,0,1,4379868.91340807
"779",-2537147.22406381,17902032885918.7,0.548412006866433,3,12002782.2032871,150827.028788846,-250037.997535685,0.00429748960852922,20,45888290.4061164,-1035188.03256752,-94836300404.2151,0,1,4379868.91340807
"780",-2537286.46351198,17902038543903.5,0.562832161837819,2,9693563.2287402,150609.809570054,-252008.238146155,0.00327370513270197,20,45888724.844554,-1035188.03256752,-94836300404.2151,0,1,4379868.91340807
"781",-2537286.46351198,17902038543903.5,0.562832161837819,2,9693563.2287402,150438.720449411,-250171.292652288,-0.00320809091403403,20,45889067.0227953,-1035188.03256752,-94836300404.2151,0,1,4379868.91340807
"782",-2537286.46351198,17902038543903.5,0.562832161837819,2,9693563.2287402,151103.724250547,-252316.470264399,-0.000204564945436233,20,45887737.015193,-1035188.03256752,-94836300404.2151,0,1,4379868.91340807
"783",-2537286.46351198,17902038543903.5,0.562832161837819,2,9693563.2287402,150865.821944467,-252342.349332351,-0.00473970778330526,19,43578715.3663619,-1035188.03256752,-94836300404.2151,0,1,4379868.91340807
"784",-2537286.46351198,17902038543903.5,0.562832161837819,2,9693563.2287402,150733.697741398,-250178.872147254,0.00201589273575397,19,43578979.6147681,-1035188.03256752,-94836300404.2151,0,1,4379868.91340807
"785",-2537286.46351198,17902038543903.5,0.562832161837819,2,9693563.2287402,150612.969394642,-250703.582204895,0.00911960715538407,20,45888718.5249048,-1035188.03256752,-94836300404.2151,0,1,4379868.91340807
"786",-2537286.46351198,17902038543903.5,0.562832161837819,2,9693563.2287402,150931.241812028,-251357.649339298,-0.00635219385954594,20,45888081.98007,-1035188.03256752,-94836300404.2151,0,1,4379868.91340807
"787",-2537286.46351198,17902038543903.5,0.562832161837819,2,9693563.2287402,150779.360526064,-253806.632972764,-0.00348767193988066,20,45888385.742642,-1035188.03256752,-94836300404.2151,0,1,4379868.91340807
"788",-2537286.46351198,17902038543903.5,0.562832161837819,2,9693563.2287402,150777.758280265,-251822.708045918,-0.0089712404089071,19,43578891.4936903,-1035188.03256752,-94836300404.2151,0,1,4379868.91340807
"789",-2537286.46351198,17902038543903.5,0.562832161837819,2,9693563.2287402,150714.00443708,-252764.566101019,-0.000304542366528457,20,45888516.4548199,-1035188.03256752,-94836300404.2151,0,1,4379868.91340807
"790",-2536002.12261926,17902025179091.5,0.436135845149042,4,14309989.4538412,151119.287711799,-254234.818693902,0.000566719403055567,20,45887705.8882705,-1035188.03256752,-94836300404.2151,0,1,4379868.91340807
"791",-2537188.32975742,17902032878546.4,0.548412006866433,3,12002864.4146743,151131.078167717,-253699.53601765,-0.00495193708127002,20,45887682.3073587,-1035188.03256752,-94836300404.2151,0,1,4379868.91340807
"792",-2537286.46351198,17902038543903.5,0.562832161837819,2,9693563.2287402,150608.875423805,-252422.808701107,-0.0138848825515128,20,45888726.7128465,-1035188.03256752,-94836300404.2151,0,1,4379868.91340807
"793",-2537063.98034088,17902032272492.7,0.534778941412533,3,12002615.7158412,150542.624596563,-253380.798640321,-0.00135460214400822,20,45888859.214501,-1035188.03256752,-94836300404.2151,0,1,4379868.91340807
"794",-2537286.46351198,17902038543903.5,0.562832161837819,2,9693563.2287402,150690.264163194,-252057.182738446,0.0219504767259353,19,43579066.4819245,-1035188.03256752,-94836300404.2151,0,1,4379868.91340807
"795",-2537286.46351198,17902038543903.5,0.562832161837819,2,9693563.2287402,150672.928147034,-252880.931417418,0.00206026268349215,20,45888598.6074,-1035188.03256752,-94836300404.2151,0,1,4379868.91340807
"796",-2537286.46351198,17902038543903.5,0.562832161837819,2,9693563.2287402,150511.957517639,-251907.307943489,-0.00328397002404613,19,43579423.0952156,-1035188.03256752,-94836300404.2151,0,1,4379868.91340807
"797",-2537286.46351198,17902038543903.5,0.562832161837819,2,9693563.2287402,151021.854999876,-254677.495172406,-0.00172060244655525,20,45887900.7536943,-1035188.03256752,-94836300404.2151,0,1,4379868.91340807
"798",-2537286.46351198,17902038543903.5,0.562832161837819,2,9693563.2287402,150983.722369839,-252249.133476253,-0.00443537308160301,20,45887977.0189544,-1035188.03256752,-94836300404.2151,0,1,4379868.91340807
"799",-2537286.46351198,17902038543903.5,0.562832161837819,2,9693563.2287402,150552.713867927,-251966.575473787,-0.00876953870357245,19,43579341.582515,-1035188.03256752,-94836300404.2151,0,1,4379868.91340807
"800",-2537286.46351198,17902038543903.5,0.562832161837819,2,9693563.2287402,150851.939038382,-251902.511206994,-0.00277275183871043,20,45888240.5856173,-1035188.03256752,-94836300404.2151,0,1,4379868.91340807
"801",-2536745.838208,17902031856486.4,0.509956563732036,3,12001979.4315755,150898.226927261,-251734.970603626,0.00072888011097788,20,45888148.0098396,-1035188.03256752,-94836300404.2151,0,1,4379868.91340807
"802",-2537286.46351198,17902038543903.5,0.562832161837819,2,9693563.2287402,151024.748935455,-251977.776618578,0.00652886133829873,20,45887894.9658232,-1035188.03256752,-94836300404.2151,0,1,4379868.91340807
"803",-2537286.46351198,17902038543903.5,0.562832161837819,2,9693563.2287402,151019.177003854,-253128.036484679,-0.00525608692577839,20,45887906.1096864,-1035188.03256752,-94836300404.2151,0,1,4379868.91340807
"804",-2537286.46351198,17902038543903.5,0.562832161837819,2,9693563.2287402,150879.466603181,-253360.05983804,0.0105370363116456,20,45888185.5304877,-1035188.03256752,-94836300404.2151,0,1,4379868.91340807
"805",-2537191.2732316,17902032920997.1,0.548412006866433,3,12002870.3016227,150745.817483185,-252831.216753759,-0.00267222990553433,20,45888452.8287277,-1035188.03256752,-94836300404.2151,0,1,4379868.91340807
"806",-2537286.46351198,17902038543903.5,0.562832161837819,2,9693563.2287402,150805.239079683,-253676.745910908,0.021134419918467,20,45888333.9855347,-1035188.03256752,-94836300404.2151,0,1,4379868.91340807
"807",-2536338.42960559,17902031532320.2,0.470604253319736,3,12001164.6143706,150863.044108573,-253140.209887473,-0.00629743637944404,20,45888218.3754769,-1035188.03256752,-94836300404.2151,0,1,4379868.91340807
"808",-2537286.46351198,17902038543903.5,0.562832161837819,2,9693563.2287402,150795.569175579,-252407.944153228,-0.00389589053955736,20,45888353.3253429,-1035188.03256752,-94836300404.2151,0,1,4379868.91340807
"809",-2537286.46351198,17902038543903.5,0.562832161837819,2,9693563.2287402,150614.812927466,-249014.867050177,0.00637851578643669,19,43579217.3843959,-1035188.03256752,-94836300404.2151,0,1,4379868.91340807
"810",-2537286.46351198,17902038543903.5,0.562832161837819,2,9693563.2287402,150985.379390539,-254971.209128392,-0.00522931241608367,20,45887973.704913,-1035188.03256752,-94836300404.2151,0,1,4379868.91340807
"811",-2537286.46351198,17902038543903.5,0.562832161837819,2,9693563.2287402,150632.260038251,-249787.279945222,-0.000639411117955756,20,45888679.9436176,-1035188.03256752,-94836300404.2151,0,1,4379868.91340807
"812",-2537286.46351198,17902038543903.5,0.562832161837819,2,9693563.2287402,150984.025660249,-253664.873778437,0.0085174863602465,20,45887976.4123736,-1035188.03256752,-94836300404.2151,0,1,4379868.91340807
"813",-2536961.09148405,17902032264342.1,0.534778941412533,3,12002409.9381276,150676.988122318,-250606.421172212,-0.00654242819333735,20,45888590.4874495,-1035188.03256752,-94836300404.2151,0,1,4379868.91340807
"814",-2537078.52860568,17902032665150.5,0.548412006866433,3,12002644.8123708,150893.368919221,-252545.964320186,0.00660694552208978,20,45888157.7258557,-1035188.03256752,-94836300404.2151,0,1,4379868.91340807
"815",-2537286.46351198,17902038543903.5,0.562832161837819,2,9693563.2287402,150964.658196367,-253360.550941279,0.0116630432223277,20,45888015.1473014,-1035188.03256752,-94836300404.2151,0,1,4379868.91340807
"816",-2536889.44399333,17902032049057.1,0.521953836202136,3,12002266.6431461,150910.219766302,-251859.302880293,-0.00438290432096346,20,45888124.0241615,-1035188.03256752,-94836300404.2151,0,1,4379868.91340807
"817",-2537286.46351198,17902038543903.5,0.562832161837819,2,9693563.2287402,151025.330946155,-252420.309586825,0.0100643458175219,20,45887893.8018018,-1035188.03256752,-94836300404.2151,0,1,4379868.91340807
"818",-2536889.44399333,17902032049057.1,0.521953836202136,3,12002266.6431461,150912.119882188,-248440.665251589,0.0246301943292544,20,45888120.2239297,-1035188.03256752,-94836300404.2151,0,1,4379868.91340807
"819",-2537286.46351198,17902038543903.5,0.562832161837819,2,9693563.2287402,150363.819202685,-250350.427680126,0.00653386825176344,19,43579719.3718455,-1035188.03256752,-94836300404.2151,0,1,4379868.91340807
"820",-2537286.46351198,17902038543903.5,0.562832161837819,2,9693563.2287402,151131.203663248,-254174.041332872,0.018666204800781,20,45887682.0563676,-1035188.03256752,-94836300404.2151,0,1,4379868.91340807
"821",-2537286.46351198,17902038543903.5,0.562832161837819,2,9693563.2287402,150934.700277289,-254797.303441091,-0.0142051471107311,20,45888075.0631395,-1035188.03256752,-94836300404.2151,0,1,4379868.91340807
"822",-2537286.46351198,17902038543903.5,0.562832161837819,2,9693563.2287402,151049.667876586,-250645.271461057,0.000227935454967022,20,45887845.1279409,-1035188.03256752,-94836300404.2151,0,1,4379868.91340807
"823",-2537286.46351198,17902038543903.5,0.562832161837819,2,9693563.2287402,150919.476864029,-253298.377900046,0.00855411201103958,20,45888105.509966,-1035188.03256752,-94836300404.2151,0,1,4379868.91340807
"824",-2537286.46351198,17902038543903.5,0.562832161837819,2,9693563.2287402,150966.104750543,-251781.758347584,0.00421384684196897,20,45888012.254193,-1035188.03256752,-94836300404.2151,0,1,4379868.91340807
"825",-2537286.46351198,17902038543903.5,0.562832161837819,2,9693563.2287402,150787.102046901,-251712.000785453,-0.00272242953366659,19,43578872.8061571,-1035188.03256752,-94836300404.2151,0,1,4379868.91340807
"826",-2536961.09148405,17902032264342.1,0.534778941412533,3,12002409.9381276,150815.133557057,-250023.700431944,7.82466490871817e-06,20,45888314.19658,-1035188.03256752,-94836300404.2151,0,1,4379868.91340807
"827",-2537286.46351198,17902038543903.5,0.562832161837819,2,9693563.2287402,150875.660034394,-254420.687217731,-0.000830597324849744,20,45888193.1436253,-1035188.03256752,-94836300404.2151,0,1,4379868.91340807
"828",-2537286.46351198,17902038543903.5,0.562832161837819,2,9693563.2287402,150552.548422038,-247433.067534827,0.0301749305182521,20,45888839.36685,-1035188.03256752,-94836300404.2151,0,1,4379868.91340807
"829",-2537286.46351198,17902038543903.5,0.562832161837819,2,9693563.2287402,150978.977797648,-254079.577303791,0.0261804765082231,20,45887986.5080988,-1035188.03256752,-94836300404.2151,0,1,4379868.91340807
"830",-2537286.46351198,17902038543903.5,0.562832161837819,2,9693563.2287402,150736.999480405,-251657.096810374,0.00787604603736434,20,45888470.4647333,-1035188.03256752,-94836300404.2151,0,1,4379868.91340807
"831",-2537286.46351198,17902038543903.5,0.562832161837819,2,9693563.2287402,150927.109979354,-253904.265304026,-0.000470532878484891,20,45888090.2437354,-1035188.03256752,-94836300404.2151,0,1,4379868.91340807
"832",-2537286.46351198,17902038543903.5,0.562832161837819,2,9693563.2287402,150829.725749929,-250417.99343037,-0.00744428527816265,20,45888285.0121942,-1035188.03256752,-94836300404.2151,0,1,4379868.91340807
"833",-2537286.46351198,17902038543903.5,0.562832161837819,2,9693563.2287402,150824.760831576,-253794.274885808,-0.0109668177441702,20,45888294.9420309,-1035188.03256752,-94836300404.2151,0,1,4379868.91340807
"834",-2537286.46351198,17902038543903.5,0.562832161837819,2,9693563.2287402,151163.646228959,-253839.613944493,-0.00261534704552438,20,45887617.1712362,-1035188.03256752,-94836300404.2151,0,1,4379868.91340807
"835",-2536889.44399333,17902032049057.1,0.521953836202136,3,12002266.6431461,150891.005461962,-253996.143415781,-0.00985163762902353,20,45888162.4527702,-1035188.03256752,-94836300404.2151,0,1,4379868.91340807
"836",-2537191.2732316,17902032920997.1,0.548412006866433,3,12002870.3016227,150745.77397473,-253456.332556708,-0.000734771087539375,20,45888452.9157446,-1035188.03256752,-94836300404.2151,0,1,4379868.91340807
"837",-2536961.09148405,17902032264342.1,0.534778941412533,3,12002409.9381276,150967.370614736,-252713.27653184,-0.00128717300704021,20,45888009.7224646,-1035188.03256752,-94836300404.2151,0,1,4379868.91340807
"838",-2537286.46351198,17902038543903.5,0.562832161837819,2,9693563.2287402,151048.912217641,-254461.654211612,0.00415084549892691,20,45887846.6392588,-1035188.03256752,-94836300404.2151,0,1,4379868.91340807
"839",-2537286.46351198,17902038543903.5,0.562832161837819,2,9693563.2287402,150574.011354493,-251432.91233946,-0.00838961463859224,20,45888796.4409851,-1035188.03256752,-94836300404.2151,0,1,4379868.91340807
"840",-2537100.48323472,17902032279727.9,0.534778941412533,3,12002688.7216289,150868.856328177,-250288.857438565,0.0219000399464248,20,45888206.7510377,-1035188.03256752,-94836300404.2151,0,1,4379868.91340807
"841",-2536690.2202787,17902031829457.2,0.509956563732036,3,12001868.1957169,150820.027205466,-251572.368055687,0.00508706711015456,20,45888304.4092832,-1035188.03256752,-94836300404.2151,0,1,4379868.91340807
"842",-2536961.09148405,17902032264342.1,0.534778941412533,3,12002409.9381276,150870.609647875,-252190.117966711,0.0395234626500928,20,45888203.2443983,-1035188.03256752,-94836300404.2151,0,1,4379868.91340807
"843",-2536404.50261188,17902031532631.1,0.470604253319736,3,12001296.7603832,150903.047312938,-251914.381527246,-0.00476612290012307,20,45888138.3690682,-1035188.03256752,-94836300404.2151,0,1,4379868.91340807
"844",-2537286.46351198,17902038543903.5,0.562832161837819,2,9693563.2287402,150636.84214037,-254221.034001631,-0.00338557309015453,20,45888670.7794134,-1035188.03256752,-94836300404.2151,0,1,4379868.91340807
"845",-2536537.56294539,17902031658018.2,0.48851957488169,3,12001562.8810502,151148.843336447,-252331.506965766,0.00251978424347416,20,45887646.7770212,-1035188.03256752,-94836300404.2151,0,1,4379868.91340807
"846",-2536889.67455594,17902031961448.5,0.521953836202136,3,12002267.1042713,150863.908882778,-251321.335618462,-0.00394764668562164,20,45888216.6459285,-1035188.03256752,-94836300404.2151,0,1,4379868.91340807
"847",-2537286.46351198,17902038543903.5,0.562832161837819,2,9693563.2287402,150886.157073049,-253101.880268469,0.00152014982095143,20,45888172.149548,-1035188.03256752,-94836300404.2151,0,1,4379868.91340807
"848",-2536745.838208,17902031856486.4,0.509956563732036,3,12001979.4315755,150807.666233499,-252176.617471666,-0.00351327454401766,20,45888329.1312271,-1035188.03256752,-94836300404.2151,0,1,4379868.91340807
"849",-2537191.2732316,17902032920997.1,0.548412006866433,3,12002870.3016227,150553.465389365,-250052.190748573,0.00253065991824022,20,45888837.5329154,-1035188.03256752,-94836300404.2151,0,1,4379868.91340807
"850",-2536737.43153866,17902031724398.6,0.509956563732036,3,12001962.6182368,150900.983584616,-250663.899418837,-0.00241441752177287,20,45888142.4965249,-1035188.03256752,-94836300404.2151,0,1,4379868.91340807
"851",-2536629.8148809,17902031752193.4,0.498805924309898,3,12001747.3849213,150782.809355111,-250876.797097729,0.0191860965327368,20,45888378.8449839,-1035188.03256752,-94836300404.2151,0,1,4379868.91340807
"852",-2537286.46351198,17902038543903.5,0.562832161837819,2,9693563.2287402,150687.54884157,-251221.803376667,0.00165512503220467,19,43579071.9125677,-1035188.03256752,-94836300404.2151,0,1,4379868.91340807
"853",-2537286.46351198,17902038543903.5,0.562832161837819,2,9693563.2287402,150916.370218243,-251108.427366778,0.00973020440485804,20,45888111.7232576,-1035188.03256752,-94836300404.2151,0,1,4379868.91340807
"854",-2537286.46351198,17902038543903.5,0.562832161837819,2,9693563.2287402,150812.463041563,-252036.453361096,0.00273918998239092,19,43578822.0841678,-1035188.03256752,-94836300404.2151,0,1,4379868.91340807
"855",-2537286.46351198,17902038543903.5,0.562832161837819,2,9693563.2287402,150997.562083628,-254280.17593693,0.00575655957214548,20,45887949.3395268,-1035188.03256752,-94836300404.2151,0,1,4379868.91340807
"856",-2537286.46351198,17902038543903.5,0.562832161837819,2,9693563.2287402,150714.297413504,-249506.240064211,-0.00539805794905046,19,43579018.4154239,-1035188.03256752,-94836300404.2151,0,1,4379868.91340807
"857",-2537286.46351198,17902038543903.5,0.562832161837819,2,9693563.2287402,150895.688620387,-251461.936328743,-0.00476612290012307,19,43578655.6330101,-1035188.03256752,-94836300404.2151,0,1,4379868.91340807
"858",-2537286.46351198,17902038543903.5,0.562832161837819,2,9693563.2287402,150749.769750487,-254253.998573793,-0.00894232046962816,20,45888444.9241931,-1035188.03256752,-94836300404.2151,0,1,4379868.91340807
"859",-2537286.46351198,17902038543903.5,0.562832161837819,2,9693563.2287402,150916.516090536,-252600.301739027,-0.00517586166333373,19,43578613.9780698,-1035188.03256752,-94836300404.2151,0,1,4379868.91340807
"860",-2536300.79441358,17902031537049.6,0.456326504350996,3,12001089.3439866,151110.411188543,-252759.592809958,-0.00690154478134615,20,45887723.641317,-1035188.03256752,-94836300404.2151,0,1,4379868.91340807
"861",-2537286.46351198,17902038543903.5,0.562832161837819,2,9693563.2287402,150938.335693905,-252241.624828262,-0.0126468073087877,20,45888067.7923063,-1035188.03256752,-94836300404.2151,0,1,4379868.91340807
"862",-2537286.46351198,17902038543903.5,0.562832161837819,2,9693563.2287402,150959.428211742,-253141.928565811,0.0124532121754279,20,45888025.6072706,-1035188.03256752,-94836300404.2151,0,1,4379868.91340807
"863",-2537286.46351198,17902038543903.5,0.562832161837819,2,9693563.2287402,150586.744909833,-250649.194351385,0.00367753044480977,20,45888770.9738744,-1035188.03256752,-94836300404.2151,0,1,4379868.91340807
"864",-2537286.46351198,17902038543903.5,0.562832161837819,2,9693563.2287402,150774.254957702,-252092.517835935,0.00237724724153302,20,45888395.9537787,-1035188.03256752,-94836300404.2151,0,1,4379868.91340807
"865",-2537286.46351198,17902038543903.5,0.562832161837819,2,9693563.2287402,150849.903035002,-253395.112774017,0.00389202565447896,20,45888244.6576241,-1035188.03256752,-94836300404.2151,0,1,4379868.91340807
"866",-2537286.46351198,17902038543903.5,0.562832161837819,2,9693563.2287402,150906.418787852,-252566.433325134,-0.00123856483259777,20,45888131.6261184,-1035188.03256752,-94836300404.2151,0,1,4379868.91340807
"867",-2537286.46351198,17902038543903.5,0.562832161837819,2,9693563.2287402,150936.69611779,-254322.971202907,0.00344343433551129,20,45888071.0714585,-1035188.03256752,-94836300404.2151,0,1,4379868.91340807
"868",-2536410.87821703,17902031608051.9,0.47911396113061,3,12001309.5115935,151056.315123184,-251827.000276315,0.000613193085068744,20,45887831.8334477,-1035188.03256752,-94836300404.2151,0,1,4379868.91340807
"869",-2537286.46351198,17902038543903.5,0.562832161837819,2,9693563.2287402,151037.023623301,-250525.257069222,-0.0131232564535775,20,45887870.4164475,-1035188.03256752,-94836300404.2151,0,1,4379868.91340807
"870",-2537286.46351198,17902038543903.5,0.562832161837819,2,9693563.2287402,150805.137590921,-251694.322191391,0.0023552241375263,19,43578836.735069,-1035188.03256752,-94836300404.2151,0,1,4379868.91340807
"871",-2537286.46351198,17902038543903.5,0.562832161837819,2,9693563.2287402,150760.684447239,-251287.932768939,-0.00621555060396388,20,45888423.0947996,-1035188.03256752,-94836300404.2151,0,1,4379868.91340807
"872",-2537286.46351198,17902038543903.5,0.562832161837819,2,9693563.2287402,150604.662315462,-252458.214664796,-0.0119256401262715,20,45888735.1390632,-1035188.03256752,-94836300404.2151,0,1,4379868.91340807
"873",-2536730.90902341,17902031886180.3,0.509956563732036,3,12001949.5732063,150876.437108745,-253026.489754164,-0.00905821233515385,20,45888191.5894766,-1035188.03256752,-94836300404.2151,0,1,4379868.91340807
"874",-2537286.46351198,17902038543903.5,0.562832161837819,2,9693563.2287402,150687.604986946,-251262.124294985,0.0082973624846815,20,45888569.2537202,-1035188.03256752,-94836300404.2151,0,1,4379868.91340807
"875",-2537286.46351198,17902038543903.5,0.562832161837819,2,9693563.2287402,151041.056164881,-253396.881916174,0.0108387238758459,20,45887862.3513643,-1035188.03256752,-94836300404.2151,0,1,4379868.91340807
"876",-2537286.46351198,17902038543903.5,0.562832161837819,2,9693563.2287402,150995.052913692,-250832.313807551,0.00654841825077144,20,45887954.3578667,-1035188.03256752,-94836300404.2151,0,1,4379868.91340807
"877",-2537286.46351198,17902038543903.5,0.562832161837819,2,9693563.2287402,150839.254709356,-252115.228351616,-0.0035389084190005,20,45888265.9542754,-1035188.03256752,-94836300404.2151,0,1,4379868.91340807
"878",-2537286.46351198,17902038543903.5,0.562832161837819,2,9693563.2287402,150854.238629115,-250141.231353463,-0.00550521938651652,20,45888235.9864359,-1035188.03256752,-94836300404.2151,0,1,4379868.91340807
"879",-2537063.98034088,17902032272492.7,0.534778941412533,3,12002615.7158412,150969.157191044,-252621.057237218,-0.00717363492948019,20,45888006.149312,-1035188.03256752,-94836300404.2151,0,1,4379868.91340807
"880",-2536458.63387245,17902031679410.5,0.47911396113061,3,12001405.0229043,150779.931751397,-251901.405873292,-0.0066247956637701,20,45888384.6001913,-1035188.03256752,-94836300404.2151,0,1,4379868.91340807
"881",-2537286.46351198,17902038543903.5,0.562832161837819,2,9693563.2287402,150862.600616059,-255151.03605176,-0.0129656469113557,20,45888219.262462,-1035188.03256752,-94836300404.2151,0,1,4379868.91340807
"882",-2536509.31010285,17902031725874.3,0.48851957488169,3,12001506.3753652,151054.350201564,-254288.405304358,-0.00882054668521969,20,45887835.763291,-1035188.03256752,-94836300404.2151,0,1,4379868.91340807
"883",-2537286.46351198,17902038543903.5,0.562832161837819,2,9693563.2287402,150892.17906787,-249251.005475029,-0.00632479838235639,19,43578662.6521151,-1035188.03256752,-94836300404.2151,0,1,4379868.91340807
"884",-2537286.46351198,17902038543903.5,0.562832161837819,2,9693563.2287402,150807.888045286,-252001.271447104,0.0035289238738351,20,45888328.6876035,-1035188.03256752,-94836300404.2151,0,1,4379868.91340807
"885",-2536381.04581527,17902031538228.8,0.463004286333499,3,12001249.84679,150662.016032781,-250596.631815708,0.00831571639194639,20,45888620.4316285,-1035188.03256752,-94836300404.2151,0,1,4379868.91340807
"886",-2537286.46351198,17902038543903.5,0.562832161837819,2,9693563.2287402,150499.671407404,-252090.804454764,-0.00716569801367785,19,43579447.6674361,-1035188.03256752,-94836300404.2151,0,1,4379868.91340807
"887",-2537286.46351198,17902038543903.5,0.562832161837819,2,9693563.2287402,150754.070768701,-249799.250090221,0.0121628065128859,19,43578938.8687135,-1035188.03256752,-94836300404.2151,0,1,4379868.91340807
"888",-2536996.37898298,17902032210747.1,0.534778941412533,3,12002480.5131254,150732.548420112,-251920.257512355,0.00670401537704226,20,45888479.3668539,-1035188.03256752,-94836300404.2151,0,1,4379868.91340807
"889",-2537286.46351198,17902038543903.5,0.562832161837819,2,9693563.2287402,150889.171413128,-253856.21524606,-0.00985163762902353,20,45888166.1208678,-1035188.03256752,-94836300404.2151,0,1,4379868.91340807
"890",-2537286.46351198,17902038543903.5,0.562832161837819,2,9693563.2287402,150802.666722505,-252489.123659331,-0.00351327454401766,20,45888339.1302491,-1035188.03256752,-94836300404.2151,0,1,4379868.91340807
"891",-2536088.3907691,17902031484936.8,0.437102696407486,3,12000664.5366977,150660.539717091,-252570.444033498,0.00129494270268584,20,45888623.3842599,-1035188.03256752,-94836300404.2151,0,1,4379868.91340807
"892",-2537286.46351198,17902038543903.5,0.562832161837819,2,9693563.2287402,150950.873050266,-251450.659769163,0.00500537410856484,20,45888042.7175936,-1035188.03256752,-94836300404.2151,0,1,4379868.91340807
"893",-2537286.46351198,17902038543903.5,0.562832161837819,2,9693563.2287402,150913.883067653,-251378.694472696,-0.003206811927145,20,45888116.6975588,-1035188.03256752,-94836300404.2151,0,1,4379868.91340807
"894",-2537286.46351198,17902038543903.5,0.562832161837819,2,9693563.2287402,150511.953219102,-249827.332915772,-0.00404496130061064,19,43579423.1038127,-1035188.03256752,-94836300404.2151,0,1,4379868.91340807
"895",-2536469.86329806,17902031692496.9,0.48851957488169,3,12001427.4817556,150611.750130671,-251910.662296665,-0.0138848825515128,20,45888720.9634328,-1035188.03256752,-94836300404.2151,0,1,4379868.91340807
"896",-2536848.69442095,17902032016607,0.521953836202136,3,12002185.1440013,150858.345890388,-251322.211933221,-0.00826511026675545,19,43578730.3184701,-1035188.03256752,-94836300404.2151,0,1,4379868.91340807
"897",-2537286.46351198,17902038543903.5,0.562832161837819,2,9693563.2287402,150792.552622066,-254094.313441098,0.00862709517962035,20,45888359.35845,-1035188.03256752,-94836300404.2151,0,1,4379868.91340807
"898",-2536386.03873136,17902031558552.8,0.470604253319736,3,12001259.8326222,150364.360229488,-252004.641605,-0.00237358341284063,20,45889215.7432351,-1035188.03256752,-94836300404.2151,0,1,4379868.91340807
"899",-2537286.46351198,17902038543903.5,0.562832161837819,2,9693563.2287402,150786.639218535,-250030.909828236,0.00237724724153302,20,45888371.185257,-1035188.03256752,-94836300404.2151,0,1,4379868.91340807
"900",-2537286.46351198,17902038543903.5,0.562832161837819,2,9693563.2287402,150879.36560905,-251825.005593169,0.000344776248050843,20,45888185.732476,-1035188.03256752,-94836300404.2151,0,1,4379868.91340807
"901",-2537286.46351198,17902038543903.5,0.562832161837819,2,9693563.2287402,150746.575707586,-250494.012390475,0.00747277829454941,19,43578953.8588357,-1035188.03256752,-94836300404.2151,0,1,4379868.91340807
"902",-2537286.46351198,17902038543903.5,0.562832161837819,2,9693563.2287402,150724.10972571,-253824.505564428,-0.00656985055738269,20,45888496.2442427,-1035188.03256752,-94836300404.2151,0,1,4379868.91340807
"903",-2537286.46351198,17902038543903.5,0.562832161837819,2,9693563.2287402,150838.332086675,-251889.230211066,0.00115875762392051,20,45888267.7995207,-1035188.03256752,-94836300404.2151,0,1,4379868.91340807
"904",-2537286.46351198,17902038543903.5,0.562832161837819,2,9693563.2287402,150988.415793778,-253096.874363623,-0.000518220149341622,20,45887967.6321065,-1035188.03256752,-94836300404.2151,0,1,4379868.91340807
"905",-2537286.46351198,17902038543903.5,0.562832161837819,2,9693563.2287402,150618.244757346,-251968.996292809,-0.00414837457015198,20,45888707.9741794,-1035188.03256752,-94836300404.2151,0,1,4379868.91340807
"906",-2537286.46351198,17902038543903.5,0.562832161837819,2,9693563.2287402,150525.574138606,-248597.904753575,0.00138518166891045,20,45888893.3154169,-1035188.03256752,-94836300404.2151,0,1,4379868.91340807
"907",-2536232.71939788,17902031479536.3,0.456326504350996,3,12000953.1939552,150712.099458298,-251462.325356557,0.000460905092610673,19,43579022.8113343,-1035188.03256752,-94836300404.2151,0,1,4379868.91340807
"908",-2537286.46351198,17902038543903.5,0.562832161837819,2,9693563.2287402,151085.231193454,-254690.865125022,-0.00766961651917404,20,45887774.0013072,-1035188.03256752,-94836300404.2151,0,1,4379868.91340807
"909",-2537286.46351198,17902038543903.5,0.562832161837819,2,9693563.2287402,150915.84536622,-252702.660870691,-0.00399952946712152,19,43578615.3195184,-1035188.03256752,-94836300404.2151,0,1,4379868.91340807
"910",-2537286.46351198,17902038543903.5,0.562832161837819,2,9693563.2287402,151052.349237355,-254333.096517043,-0.0123581990990779,20,45887839.7652194,-1035188.03256752,-94836300404.2151,0,1,4379868.91340807
"911",-2537286.46351198,17902038543903.5,0.562832161837819,2,9693563.2287402,151066.8253605,-252447.680423735,0.000998608238911121,20,45887810.8129731,-1035188.03256752,-94836300404.2151,0,1,4379868.91340807
"912",-2536889.44399333,17902032049057.1,0.521953836202136,3,12002266.6431461,151027.021973523,-254108.988877935,-0.0107657852343719,20,45887890.419747,-1035188.03256752,-94836300404.2151,0,1,4379868.91340807
"913",-2535938.86873739,17902024831463.4,0.437102696407486,4,14309862.9460774,150999.507397902,-253380.702261387,-0.00837960308796619,20,45887945.4488983,-1035188.03256752,-94836300404.2151,0,1,4379868.91340807
"914",-2537286.46351198,17902038543903.5,0.562832161837819,2,9693563.2287402,150743.836990926,-252703.505324222,0.00708831873207406,20,45888456.7897122,-1035188.03256752,-94836300404.2151,0,1,4379868.91340807
"915",-2537191.2732316,17902032920997.1,0.548412006866433,3,12002870.3016227,150914.536518807,-251248.682313358,0.00384974243576575,20,45888115.3906565,-1035188.03256752,-94836300404.2151,0,1,4379868.91340807
"916",-2537286.46351198,17902038543903.5,0.562832161837819,2,9693563.2287402,150750.925102946,-247512.653095486,0.00239924349586189,20,45888442.6134882,-1035188.03256752,-94836300404.2151,0,1,4379868.91340807
"917",-2537100.18456839,17902032679500.4,0.548412006866433,3,12002688.1242962,150703.874316818,-251126.326152814,-0.0186667708048581,20,45888536.7150605,-1035188.03256752,-94836300404.2151,0,1,4379868.91340807
"918",-2537286.46351198,17902038543903.5,0.562832161837819,2,9693563.2287402,150838.457894041,-254505.268678942,0.00115875762392051,20,45888267.547906,-1035188.03256752,-94836300404.2151,0,1,4379868.91340807
"919",-2537286.46351198,17902038543903.5,0.562832161837819,2,9693563.2287402,150884.224059504,-251757.020932414,-0.00670746518935268,20,45888176.0155751,-1035188.03256752,-94836300404.2151,0,1,4379868.91340807
"920",-2537063.98034088,17902032272492.7,0.534778941412533,3,12002615.7158412,150542.990398933,-254179.398220911,-0.0103173058205178,20,45888858.4828962,-1035188.03256752,-94836300404.2151,0,1,4379868.91340807
"921",-2536327.9276357,17902031466998.9,0.463004286333499,3,12001143.6104309,151116.441150009,-254072.962584953,0.00174738482608799,20,45887711.5813941,-1035188.03256752,-94836300404.2151,0,1,4379868.91340807
"922",-2537286.46351198,17902038543903.5,0.562832161837819,2,9693563.2287402,151026.741862425,-252392.352272234,-0.0170410351898555,20,45887890.9799692,-1035188.03256752,-94836300404.2151,0,1,4379868.91340807
"923",-2537286.46351198,17902038543903.5,0.562832161837819,2,9693563.2287402,150828.130128068,-252298.131589445,-0.010585407483382,20,45888288.203438,-1035188.03256752,-94836300404.2151,0,1,4379868.91340807
"924",-2537286.46351198,17902038543903.5,0.562832161837819,2,9693563.2287402,151036.142375791,-251892.575038372,0.0206707992551913,20,45887872.1789425,-1035188.03256752,-94836300404.2151,0,1,4379868.91340807
"925",-2537063.98034088,17902032272492.7,0.534778941412533,3,12002615.7158412,150973.610755391,-250342.72497831,-0.00835092731396818,20,45887997.2421833,-1035188.03256752,-94836300404.2151,0,1,4379868.91340807
"926",-2537286.46351198,17902038543903.5,0.562832161837819,2,9693563.2287402,150800.970444555,-252972.766350709,-0.00858973456312046,20,45888342.522805,-1035188.03256752,-94836300404.2151,0,1,4379868.91340807
"927",-2537286.46351198,17902038543903.5,0.562832161837819,2,9693563.2287402,150562.680686465,-249117.952227126,-0.00488420462246735,20,45888819.1023212,-1035188.03256752,-94836300404.2151,0,1,4379868.91340807
"928",-2537286.46351198,17902038543903.5,0.562832161837819,2,9693563.2287402,150932.225297098,-251233.604897755,-0.00714571453223416,20,45888080.0130999,-1035188.03256752,-94836300404.2151,0,1,4379868.91340807
"929",-2537286.46351198,17902038543903.5,0.562832161837819,2,9693563.2287402,150893.371359946,-252030.681530112,-0.000446732971244499,20,45888157.7209742,-1035188.03256752,-94836300404.2151,0,1,4379868.91340807
"930",-2536355.46541367,17902031525073.5,0.470604253319736,3,12001198.6859868,150979.932953772,-253967.865443074,-0.0162106998469208,20,45887984.5977866,-1035188.03256752,-94836300404.2151,0,1,4379868.91340807
"931",-2537286.46351198,17902038543903.5,0.562832161837819,2,9693563.2287402,150877.671030504,-251606.770893771,-0.00788283876225327,20,45888189.1216331,-1035188.03256752,-94836300404.2151,0,1,4379868.91340807
"932",-2536515.86938695,17902031594141.4,0.47911396113061,3,12001519.4939334,151061.277122267,-254109.333317562,-0.00961651871014413,20,45887821.9094496,-1035188.03256752,-94836300404.2151,0,1,4379868.91340807
"933",-2537286.46351198,17902038543903.5,0.562832161837819,2,9693563.2287402,150471.906922876,-249819.810072543,0.00102638270078611,19,43579503.1964051,-1035188.03256752,-94836300404.2151,0,1,4379868.91340807
"934",-2537191.2732316,17902032920997.1,0.548412006866433,3,12002870.3016227,150803.131014356,-251225.767565975,0.00314487549578728,20,45888338.2016654,-1035188.03256752,-94836300404.2151,0,1,4379868.91340807
"935",-2537286.46351198,17902038543903.5,0.562832161837819,2,9693563.2287402,150734.760084335,-252561.589445919,-0.00267222990553433,20,45888474.9435254,-1035188.03256752,-94836300404.2151,0,1,4379868.91340807
"936",-2537286.46351198,17902038543903.5,0.562832161837819,2,9693563.2287402,150891.728763607,-253178.729680956,0.00895817168653453,20,45888161.0061669,-1035188.03256752,-94836300404.2151,0,1,4379868.91340807
"937",-2537286.46351198,17902038543903.5,0.562832161837819,2,9693563.2287402,151072.731494951,-254718.686345214,-0.00923311653073904,20,45887799.0007042,-1035188.03256752,-94836300404.2151,0,1,4379868.91340807
"938",-2537286.46351198,17902038543903.5,0.562832161837819,2,9693563.2287402,150975.696195733,-251220.244414708,-0.0048190501605042,20,45887993.0713026,-1035188.03256752,-94836300404.2151,0,1,4379868.91340807
"939",-2536403.17436893,17902026042476,0.476282109370419,4,14310791.5573405,150954.741603574,-252991.616152759,0.0148073165564161,20,45888034.9804869,-1035188.03256752,-94836300404.2151,0,1,4379868.91340807
"940",-2537286.46351198,17902038543903.5,0.562832161837819,2,9693563.2287402,151033.363359755,-254167.330025677,-0.00605084279596087,20,45887877.7369746,-1035188.03256752,-94836300404.2151,0,1,4379868.91340807
"941",-2537191.2732316,17902032920997.1,0.548412006866433,3,12002870.3016227,150838.355064071,-250353.418105133,-0.0035389084190005,20,45888267.753566,-1035188.03256752,-94836300404.2151,0,1,4379868.91340807
"942",-2537286.46351198,17902038543903.5,0.562832161837819,2,9693563.2287402,150841.711934551,-251467.943230714,-0.00550521938651652,20,45888261.039825,-1035188.03256752,-94836300404.2151,0,1,4379868.91340807
"943",-2537286.46351198,17902038543903.5,0.562832161837819,2,9693563.2287402,151029.9916098,-253990.598558725,-0.00722957840556364,20,45887884.4804745,-1035188.03256752,-94836300404.2151,0,1,4379868.91340807
"944",-2537286.46351198,17902038543903.5,0.562832161837819,2,9693563.2287402,150921.264920506,-253944.896671872,-0.00282319727090931,20,45888101.9338531,-1035188.03256752,-94836300404.2151,0,1,4379868.91340807
"945",-2537286.46351198,17902038543903.5,0.562832161837819,2,9693563.2287402,151068.05528192,-252746.840649452,0.0127931937378614,20,45887808.3531303,-1035188.03256752,-94836300404.2151,0,1,4379868.91340807
"946",-2537286.46351198,17902038543903.5,0.562832161837819,2,9693563.2287402,150742.496897261,-254303.909663881,-0.00542479930587582,20,45888459.4698996,-1035188.03256752,-94836300404.2151,0,1,4379868.91340807
"947",-2537011.1848932,17902032192615.1,0.534778941412533,3,12002510.1249459,150911.802826862,-254442.166682674,0.00737801961722112,20,45888120.8580404,-1035188.03256752,-94836300404.2151,0,1,4379868.91340807
"948",-2537286.46351198,17902038543903.5,0.562832161837819,2,9693563.2287402,151076.642215962,-253676.421321686,-0.00451431762235453,20,45887791.1792622,-1035188.03256752,-94836300404.2151,0,1,4379868.91340807
"949",-2536381.87501999,17902031620851.2,0.470604253319736,3,12001251.5051994,150939.638198196,-251174.027517236,-8.62819537371903e-05,20,45888065.1872977,-1035188.03256752,-94836300404.2151,0,1,4379868.91340807
"950",-2536829.85386644,17902031871360.9,0.509956563732036,3,12002147.4628923,151131.721287071,-253749.338803121,-0.00140921579896237,20,45887681.02112,-1035188.03256752,-94836300404.2151,0,1,4379868.91340807
"951",-2536889.44399333,17902032049057.1,0.521953836202136,3,12002266.6431461,150887.59561188,-252239.509449189,-0.00435671804355151,20,45888169.2724703,-1035188.03256752,-94836300404.2151,0,1,4379868.91340807
"952",-2537286.46351198,17902038543903.5,0.562832161837819,2,9693563.2287402,150616.45824891,-247397.327881278,-0.00686837817399372,20,45888711.5471963,-1035188.03256752,-94836300404.2151,0,1,4379868.91340807
"953",-2537286.46351198,17902038543903.5,0.562832161837819,2,9693563.2287402,150903.404906039,-253598.611962834,-0.00123856483259777,20,45888137.653882,-1035188.03256752,-94836300404.2151,0,1,4379868.91340807
"954",-2536401.73645292,17902031542127.1,0.463004286333499,3,12001291.2280653,150856.912212494,-250260.232907743,0.000368058764105655,20,45888230.6392691,-1035188.03256752,-94836300404.2151,0,1,4379868.91340807
"955",-2537286.46351198,17902038543903.5,0.562832161837819,2,9693563.2287402,150707.310829702,-250318.260407578,0.00593587690865778,20,45888529.8420347,-1035188.03256752,-94836300404.2151,0,1,4379868.91340807
"956",-2537286.46351198,17902038543903.5,0.562832161837819,2,9693563.2287402,151006.317008645,-254255.986215425,0.0092906002371734,20,45887931.8296768,-1035188.03256752,-94836300404.2151,0,1,4379868.91340807
"957",-2536889.44399333,17902032049057.1,0.521953836202136,3,12002266.6431461,150685.417824093,-254425.079147051,-0.0143603438986108,20,45888573.6280459,-1035188.03256752,-94836300404.2151,0,1,4379868.91340807
"958",-2536577.95642976,17902031667017.4,0.48851957488169,3,12001643.668019,150868.996383499,-250655.234685929,0.00583649966704532,19,43578709.0174839,-1035188.03256752,-94836300404.2151,0,1,4379868.91340807
"959",-2536564.83896394,17902026083791.6,0.49694031629977,4,14311114.8865305,150786.401557603,-252134.474487134,0.00628065043448336,20,45888371.6605789,-1035188.03256752,-94836300404.2151,0,1,4379868.91340807
"960",-2537286.46351198,17902038543903.5,0.562832161837819,2,9693563.2287402,151109.432157763,-254178.693339747,-0.000999425527059246,20,45887725.5993786,-1035188.03256752,-94836300404.2151,0,1,4379868.91340807
"961",-2537286.46351198,17902038543903.5,0.562832161837819,2,9693563.2287402,150943.358311978,-253922.37156906,-0.00205549845837616,20,45888057.7470701,-1035188.03256752,-94836300404.2151,0,1,4379868.91340807
"962",-2537286.46351198,17902038543903.5,0.562832161837819,2,9693563.2287402,151100.82681301,-251877.518403194,0.00333598218711398,20,45887742.8100681,-1035188.03256752,-94836300404.2151,0,1,4379868.91340807
"963",-2536961.09148405,17902032264342.1,0.534778941412533,3,12002409.9381276,150555.800904859,-251540.9753416,-0.0095580846439672,19,43579335.4084412,-1035188.03256752,-94836300404.2151,0,1,4379868.91340807
"964",-2536781.77256391,17902031902199.1,0.521953836202136,3,12002051.3002873,150988.664220545,-252938.405199733,-0.00640708548276918,20,45887967.135253,-1035188.03256752,-94836300404.2151,0,1,4379868.91340807
"965",-2537286.46351198,17902038543903.5,0.562832161837819,2,9693563.2287402,151076.277045148,-254342.901962856,-0.00923311653073904,20,45887791.9096038,-1035188.03256752,-94836300404.2151,0,1,4379868.91340807
"966",-2537286.46351198,17902038543903.5,0.562832161837819,2,9693563.2287402,150819.4701805,-253401.442815515,0.00626100567403639,20,45888305.5233331,-1035188.03256752,-94836300404.2151,0,1,4379868.91340807
"967",-2536692.65880544,17902031858904.7,0.509956563732036,3,12001873.0727703,150801.110628451,-252546.022656146,-0.0105554729618704,20,45888342.2424372,-1035188.03256752,-94836300404.2151,0,1,4379868.91340807
"968",-2536014.16993053,17902024924368.1,0.444336835988572,4,14310013.5484637,150333.371931034,-247977.165518475,0.00111698042957205,18,41270282.8129456,-1035188.03256752,-94836300404.2151,0,1,4379868.91340807
"969",-2537286.46351198,17902038543903.5,0.562832161837819,2,9693563.2287402,150713.051586794,-251661.02949566,-0.0010934510094896,20,45888518.3605205,-1035188.03256752,-94836300404.2151,0,1,4379868.91340807
"970",-2537286.46351198,17902038543903.5,0.562832161837819,2,9693563.2287402,150975.229159134,-254083.713365315,-0.00796797111119833,20,45887994.0053758,-1035188.03256752,-94836300404.2151,0,1,4379868.91340807
"971",-2536889.44399333,17902032049057.1,0.521953836202136,3,12002266.6431461,150976.182432796,-251745.440299843,-0.00561290575813479,19,43578494.6453853,-1035188.03256752,-94836300404.2151,0,1,4379868.91340807
"972",-2537286.46351198,17902038543903.5,0.562832161837819,2,9693563.2287402,151128.867728958,-253992.951372803,-0.00377102998716747,20,45887686.7282362,-1035188.03256752,-94836300404.2151,0,1,4379868.91340807
"973",-2536996.37898298,17902032210747.1,0.534778941412533,3,12002480.5131254,151008.656515123,-254105.356955585,0.00260786916666013,20,45887927.1506639,-1035188.03256752,-94836300404.2151,0,1,4379868.91340807
"974",-2536010.52083832,17902025751925,0.430323330001891,4,14310006.2502793,150824.12696805,-251600.752105514,-0.00861846276683184,20,45888296.209758,-1035188.03256752,-94836300404.2151,0,1,4379868.91340807
"975",-2537286.46351198,17902038543903.5,0.562832161837819,2,9693563.2287402,150666.687801395,-250262.030006196,0.00674267787324703,20,45888611.0880913,-1035188.03256752,-94836300404.2151,0,1,4379868.91340807
"976",-2537286.46351198,17902038543903.5,0.562832161837819,2,9693563.2287402,150875.265833998,-249619.706059626,-0.00200597089775033,19,43578696.4785829,-1035188.03256752,-94836300404.2151,0,1,4379868.91340807
"977",-2537286.46351198,17902038543903.5,0.562832161837819,2,9693563.2287402,150498.349814654,-254378.064703819,0.00062230173855548,20,45888947.7640648,-1035188.03256752,-94836300404.2151,0,1,4379868.91340807
"978",-2536467.62762001,17902031580873.5,0.47911396113061,3,12001423.0103995,150922.39689433,-254474.709540197,0.00070579931772732,20,45888099.6699054,-1035188.03256752,-94836300404.2151,0,1,4379868.91340807
"979",-2537286.46351198,17902038543903.5,0.562832161837819,2,9693563.2287402,150834.338048065,-254543.851038678,-0.00471332492973075,20,45888275.787598,-1035188.03256752,-94836300404.2151,0,1,4379868.91340807
"980",-2537286.46351198,17902038543903.5,0.562832161837819,2,9693563.2287402,150542.659221476,-248497.054479736,0.00253065991824022,19,43579361.6918079,-1035188.03256752,-94836300404.2151,0,1,4379868.91340807
"981",-2535681.89345947,17902024532882.1,0.405399964087301,4,14309348.9955216,150939.287490459,-253907.506322498,0.00344343433551129,20,45888065.8887132,-1035188.03256752,-94836300404.2151,0,1,4379868.91340807
"982",-2536179.36992996,17902025314524.1,0.456326504350996,4,14310343.9484626,150781.14042716,-253532.86105095,0.00745387280705186,20,45888382.1828398,-1035188.03256752,-94836300404.2151,0,1,4379868.91340807
"983",-2537286.46351198,17902038543903.5,0.562832161837819,2,9693563.2287402,150983.589573615,-254465.469741687,-0.0181848161496243,20,45887977.2845469,-1035188.03256752,-94836300404.2151,0,1,4379868.91340807
"984",-2537286.46351198,17902038543903.5,0.562832161837819,2,9693563.2287402,150838.111533283,-250968.215752077,-0.000399220346147528,20,45888268.2406275,-1035188.03256752,-94836300404.2151,0,1,4379868.91340807
"985",-2536504.72662284,17902026007071.5,0.486173045544176,4,14310994.6618483,150799.88570117,-251887.719400227,0.0140922215006142,19,43578847.2388485,-1035188.03256752,-94836300404.2151,0,1,4379868.91340807
"986",-2537286.46351198,17902038543903.5,0.562832161837819,2,9693563.2287402,150757.7798718,-253836.051510004,-0.00621555060396388,20,45888428.9039505,-1035188.03256752,-94836300404.2151,0,1,4379868.91340807
"987",-2537286.46351198,17902038543903.5,0.562832161837819,2,9693563.2287402,151030.731699887,-251902.935631948,0.00102157086165572,20,45887883.0002943,-1035188.03256752,-94836300404.2151,0,1,4379868.91340807
"988",-2537286.46351198,17902038543903.5,0.562832161837819,2,9693563.2287402,150644.260626672,-253303.643476631,-0.00142726783499848,20,45888655.9424408,-1035188.03256752,-94836300404.2151,0,1,4379868.91340807
"989",-2536392.4379525,17902031592426.8,0.47911396113061,3,12001272.6310645,150991.741117456,-249845.197970119,0.00145229030105586,20,45887960.9814592,-1035188.03256752,-94836300404.2151,0,1,4379868.91340807
"990",-2537286.46351198,17902038543903.5,0.562832161837819,2,9693563.2287402,150868.670030275,-251402.44757055,0.0136757760180464,20,45888207.1236335,-1035188.03256752,-94836300404.2151,0,1,4379868.91340807
"991",-2536411.16036755,17902031557293.2,0.470604253319736,3,12001310.0758946,150536.554017417,-251955.173480497,0.000980918793936992,20,45888871.3556593,-1035188.03256752,-94836300404.2151,0,1,4379868.91340807
"992",-2537286.46351198,17902038543903.5,0.562832161837819,2,9693563.2287402,150733.102997235,-252276.889522337,-0.00150019924521226,19,43578980.8042564,-1035188.03256752,-94836300404.2151,0,1,4379868.91340807
"993",-2537286.46351198,17902038543903.5,0.562832161837819,2,9693563.2287402,150747.705415536,-251422.337975545,-0.00228983174035027,20,45888449.052863,-1035188.03256752,-94836300404.2151,0,1,4379868.91340807
"994",-2537286.46351198,17902038543903.5,0.562832161837819,2,9693563.2287402,150748.307683497,-252642.567501404,-0.00190727814212349,20,45888447.8483271,-1035188.03256752,-94836300404.2151,0,1,4379868.91340807
"995",-2537286.46351198,17902038543903.5,0.562832161837819,2,9693563.2287402,150860.213212502,-252566.332266533,-0.00121430529985506,19,43578726.5838259,-1035188.03256752,-94836300404.2151,0,1,4379868.91340807
"996",-2537286.46351198,17902038543903.5,0.562832161837819,2,9693563.2287402,151054.674056863,-251991.013303537,-0.00882054668521969,20,45887835.1155804,-1035188.03256752,-94836300404.2151,0,1,4379868.91340807
"997",-2537286.46351198,17902038543903.5,0.562832161837819,2,9693563.2287402,150660.245953179,-253540.374842695,0.00129494270268584,20,45888623.9717877,-1035188.03256752,-94836300404.2151,0,1,4379868.91340807
"998",-2537286.46351198,17902038543903.5,0.562832161837819,2,9693563.2287402,150571.33976015,-254498.183144082,0.000171410317342822,20,45888801.7841738,-1035188.03256752,-94836300404.2151,0,1,4379868.91340807
"999",-2537286.46351198,17902038543903.5,0.562832161837819,2,9693563.2287402,150857.08914811,-253741.742278799,0.00192682754893437,20,45888230.2853979,-1035188.03256752,-94836300404.2151,0,1,4379868.91340807
"1000",-2537078.52860568,17902032665150.5,0.548412006866433,3,12002644.8123708,150845.23045313,-253196.503841691,0.00233317413465077,20,45888254.0027878,-1035188.03256752,-94836300404.2151,0,1,4379868.91340807
